num_agents,edge_density,graph_type,dsan_temperature,num_actions,num_iterations,cost_range,y
25,0.5,barabasi_albert,1.0,6,50,101,33.2304347826087
100,0.25,barabasi_albert,1.0,8,1000,101,30.74285714285714
10,0.5,erdos_renyi,5.0,6,100,4,1.85633309560336
10,0.5,erdos_renyi,5.0,8,1000,51,19.21160538588456
75,0.99,erdos_renyi,2.0,3,1000,4,1.9067638822336412
10,0.25,barabasi_albert,2.0,4,500,101,25.875
50,0.1,barabasi_albert,0.75,2,50,11,3.2666666666666666
10,0.25,complete,5.0,5,100,101,27.090909090909086
100,0.9,barabasi_albert,5.0,6,200,101,38.27499999999999
25,0.75,complete,2.0,10,50,11,5.054222222222222
75,0.5,erdos_renyi,5.0,7,50,4,1.9446432214133502
100,0.99,barabasi_albert,1.0,3,100,4,1.7525773195876286
50,0.25,erdos_renyi,5.0,8,1000,501,215.9307487141733
50,0.25,erdos_renyi,2.0,9,500,11,4.920196946530302
25,0.25,erdos_renyi,10.0,5,500,501,180.81090951520628
75,0.9,complete,2.0,3,500,101,46.71177412895474
100,0.75,barabasi_albert,0.75,3,200,101,36.89319727891157
50,0.9,complete,10.0,2,500,501,233.68185117967332
100,0.75,complete,10.0,9,1000,51,24.375026939655175
75,0.5,barabasi_albert,0.75,9,50,4,1.7958904109589042
10,0.99,barabasi_albert,5.0,5,1000,101,34.39333333333333
90,0.5,barabasi_albert,10.0,5,50,11,5.0034090909090905
100,0.99,erdos_renyi,5.0,8,50,51,24.481628749918322
100,0.5,erdos_renyi,1.0,2,100,51,23.812335351663314
100,0.5,barabasi_albert,0.75,10,500,101,36.42448979591836
100,0.25,erdos_renyi,10.0,10,200,501,233.73567088887665
10,0.9,erdos_renyi,5.0,6,200,101,39.24629569856702
90,0.99,complete,1.0,2,200,4,1.9240918264379416
90,0.25,erdos_renyi,1.0,10,100,4,1.9094586580185542
25,0.25,erdos_renyi,5.0,6,1000,51,19.06378697766932
50,0.1,erdos_renyi,0.75,9,100,11,4.653455497299058
75,0.9,barabasi_albert,10.0,7,500,501,188.26335877862596
75,0.25,complete,1.0,2,100,4,1.8585858585858586
90,0.9,complete,0.75,5,1000,11,5.162791342952275
25,0.25,complete,1.0,4,500,101,35.11333333333333
50,0.25,complete,5.0,8,50,501,216.109477124183
100,0.5,complete,2.0,9,50,51,24.097373737373736
50,0.99,erdos_renyi,2.0,4,100,4,1.8994213428296849
10,0.99,erdos_renyi,2.0,8,200,51,20.388181818181817
90,0.5,barabasi_albert,1.0,5,500,101,33.29545454545455
25,0.5,barabasi_albert,2.0,4,1000,101,33.504347826086956
100,0.9,complete,2.0,2,200,51,24.245925925925924
10,0.25,erdos_renyi,10.0,7,200,501,127.61699161949161
25,0.75,erdos_renyi,0.75,4,1000,11,4.688022559308946
25,0.25,complete,5.0,2,1000,51,21.329333333333334
90,0.1,barabasi_albert,10.0,2,50,11,4.811764705882353
75,0.75,complete,10.0,7,1000,4,1.9666987025468525
50,0.9,complete,10.0,7,100,11,5.2424682395644275
100,0.25,barabasi_albert,5.0,3,1000,101,31.053061224489795
75,0.5,barabasi_albert,10.0,9,100,11,5.108219178082192
75,0.25,erdos_renyi,0.75,8,500,4,1.8693509514891649
90,0.75,barabasi_albert,2.0,6,500,4,1.8348484848484847
75,0.5,erdos_renyi,5.0,9,50,51,23.734627907020656
90,0.1,barabasi_albert,0.75,2,50,501,180.75882352941176
50,0.25,complete,0.75,9,100,4,1.868954248366013
90,0.75,erdos_renyi,10.0,4,1000,101,46.51079466278006
25,0.5,complete,10.0,2,50,4,1.9186666666666667
90,0.1,complete,10.0,7,200,11,5.10525
25,0.75,complete,10.0,5,100,501,209.81955555555555
25,0.75,erdos_renyi,5.0,7,50,4,1.930553230912512
25,0.75,erdos_renyi,1.0,8,50,51,22.920915156258577
75,0.75,complete,10.0,4,50,11,5.21009130225853
100,0.9,barabasi_albert,10.0,5,100,501,182.36988636363637
50,0.99,erdos_renyi,10.0,2,500,501,234.4406215283128
25,0.75,complete,1.0,8,50,11,4.97288888888889
100,0.1,complete,10.0,10,50,11,5.241010101010102
75,0.25,barabasi_albert,5.0,3,100,11,4.388888888888888
100,0.5,erdos_renyi,2.0,7,1000,4,1.9231185003117086
10,0.9,barabasi_albert,5.0,3,100,51,17.82857142857143
75,0.25,barabasi_albert,10.0,10,200,11,4.974999999999999
100,0.99,complete,5.0,9,200,11,5.313469387755103
25,0.5,erdos_renyi,2.0,7,1000,4,1.839830727845839
75,0.99,barabasi_albert,2.0,8,1000,11,4.634027777777778
100,0.25,erdos_renyi,2.0,5,1000,4,1.8854930727332895
75,0.5,barabasi_albert,5.0,4,200,51,18.052054794520547
100,0.1,barabasi_albert,10.0,10,1000,4,1.7684210526315787
100,0.9,barabasi_albert,10.0,3,100,51,20.12272727272727
75,0.75,erdos_renyi,1.0,6,50,11,5.183020021188114
90,0.9,complete,0.75,4,200,4,1.8973085460599335
50,0.5,erdos_renyi,0.75,4,100,11,4.875069634276347
75,0.1,complete,1.0,5,500,4,1.7833935018050542
10,0.25,barabasi_albert,10.0,8,500,101,26.4
100,0.99,barabasi_albert,10.0,8,50,4,1.9376288659793814
50,0.25,barabasi_albert,5.0,10,1000,101,33.795833333333334
75,0.99,barabasi_albert,0.75,3,50,101,38.3875
90,0.25,erdos_renyi,5.0,8,100,101,45.925502903288795
50,0.9,erdos_renyi,10.0,3,500,11,5.128517556404248
75,0.1,barabasi_albert,2.0,9,500,101,25.385714285714286
50,0.75,barabasi_albert,10.0,9,500,4,1.8916666666666664
10,0.99,barabasi_albert,10.0,8,100,501,170.13333333333333
90,0.1,barabasi_albert,0.75,10,500,101,25.064705882352943
100,0.75,barabasi_albert,10.0,8,500,501,188.6
90,0.9,erdos_renyi,2.0,3,200,51,23.73422232566939
10,0.25,complete,2.0,4,50,11,4.054545454545455
10,0.25,complete,1.0,8,200,11,3.463636363636364
75,0.25,barabasi_albert,1.0,7,500,51,14.341666666666665
10,0.1,complete,10.0,3,200,501,120.825
90,0.25,barabasi_albert,1.0,8,500,101,28.759090909090908
10,0.1,complete,10.0,4,500,4,1.55
100,0.9,barabasi_albert,2.0,2,200,11,4.616477272727272
100,0.1,complete,0.75,6,50,51,21.72525252525252
10,0.5,barabasi_albert,10.0,3,500,51,15.375
10,0.25,barabasi_albert,10.0,5,1000,4,1.575
10,0.99,barabasi_albert,2.0,7,100,11,4.333333333333333
10,0.9,erdos_renyi,1.0,2,200,4,1.7749851680949242
10,0.9,erdos_renyi,2.0,2,100,4,1.7592594888057171
10,0.25,complete,0.75,3,100,4,1.6
100,0.1,complete,10.0,10,200,501,222.06545454545457
25,0.5,complete,5.0,5,100,4,1.9260000000000002
90,0.5,erdos_renyi,1.0,3,500,4,1.8763149090227564
100,0.99,erdos_renyi,0.75,3,1000,4,1.9071380637931057
50,0.75,barabasi_albert,2.0,9,500,51,19.411111111111115
90,0.25,barabasi_albert,5.0,9,1000,11,4.736363636363636
50,0.5,barabasi_albert,1.0,5,1000,11,3.75
100,0.1,complete,1.0,6,500,101,42.160202020202014
25,0.1,complete,2.0,2,1000,51,18.12333333333333
25,0.25,erdos_renyi,5.0,4,1000,501,183.42568339991996
25,0.1,barabasi_albert,1.0,4,200,101,22.2
10,0.99,complete,0.75,5,50,4,1.6636363636363636
25,0.75,erdos_renyi,2.0,3,100,4,1.8536724220286884
90,0.99,complete,5.0,3,500,101,46.93715943491422
75,0.75,erdos_renyi,0.75,6,200,4,1.8998349067798042
90,0.1,barabasi_albert,2.0,8,50,11,4.211764705882353
10,0.75,erdos_renyi,5.0,5,200,4,1.8452565058281376
10,0.1,barabasi_albert,2.0,9,1000,4,1.3
25,0.1,complete,0.75,10,1000,101,33.88
100,0.9,barabasi_albert,1.0,9,500,11,4.610795454545454
100,0.9,complete,10.0,8,50,101,48.37984287317621
75,0.25,complete,1.0,3,500,51,21.805050505050506
100,0.99,complete,5.0,9,1000,4,1.9655918367346943
50,0.99,erdos_renyi,10.0,2,1000,4,1.9403568300238323
100,0.1,complete,10.0,6,100,101,42.916363636363634
10,0.1,barabasi_albert,1.0,10,50,4,1.2
90,0.25,barabasi_albert,0.75,8,50,11,3.968181818181818
50,0.25,barabasi_albert,10.0,7,100,51,18.970833333333335
75,0.25,barabasi_albert,10.0,9,1000,11,4.822222222222221
90,0.5,barabasi_albert,5.0,5,200,4,1.8965909090909094
10,0.1,complete,1.0,2,500,4,1.425
75,0.9,complete,0.75,10,1000,11,5.2668802563075685
100,0.99,barabasi_albert,2.0,9,1000,4,1.8757731958762887
10,0.25,barabasi_albert,2.0,3,50,51,14.3
100,0.9,barabasi_albert,5.0,6,500,4,1.90625
50,0.25,barabasi_albert,2.0,5,500,11,4.025
25,0.99,complete,5.0,9,1000,101,45.507407407407406
100,0.75,erdos_renyi,0.75,7,1000,11,5.203561681976809
50,0.75,barabasi_albert,10.0,10,50,101,40.46944444444445
25,0.75,erdos_renyi,2.0,6,1000,11,4.767378726521285
50,0.1,complete,1.0,6,200,11,4.379508196721312
10,0.75,erdos_renyi,0.75,6,1000,101,34.22134015461221
75,0.25,erdos_renyi,1.0,3,200,51,21.970497367163368
90,0.5,complete,10.0,5,100,501,229.65039960039962
25,0.99,erdos_renyi,1.0,3,500,4,1.8263132120129264
10,0.25,barabasi_albert,0.75,3,500,51,17.35
75,0.99,barabasi_albert,1.0,4,50,4,1.761111111111111
75,0.75,barabasi_albert,2.0,5,100,101,36.122018348623854
10,0.5,erdos_renyi,10.0,3,50,4,1.8137318959287037
10,0.1,barabasi_albert,5.0,4,200,101,18.0
25,0.99,complete,10.0,7,500,51,22.693265993265992
100,0.75,erdos_renyi,5.0,3,500,11,5.170326516926923
10,0.9,complete,2.0,5,500,4,1.7925
50,0.99,complete,5.0,6,100,101,46.45594059405941
25,0.99,erdos_renyi,1.0,8,1000,11,4.922750970381843
90,0.25,erdos_renyi,5.0,6,200,4,1.9420073716970623
10,0.75,barabasi_albert,5.0,3,500,4,1.6666666666666667
90,0.75,erdos_renyi,2.0,3,200,51,23.530694003920512
75,0.5,erdos_renyi,0.75,10,500,4,1.9127074373330035
25,0.1,erdos_renyi,5.0,10,50,51,19.302236112486508
10,0.1,complete,2.0,10,50,4,1.675
90,0.9,complete,5.0,5,500,11,5.204134295227524
75,0.99,barabasi_albert,0.75,7,100,11,4.461111111111111
90,0.5,erdos_renyi,1.0,10,50,51,24.266633396221643
75,0.5,complete,1.0,8,500,4,1.9022350396539296
90,0.25,barabasi_albert,0.75,3,1000,51,15.715909090909088
100,0.25,complete,1.0,8,50,11,5.112530315278901
25,0.9,erdos_renyi,10.0,10,500,11,5.1886039537233035
25,0.9,erdos_renyi,10.0,2,1000,501,228.727747077095
75,0.99,barabasi_albert,1.0,8,50,4,1.8500000000000003
75,0.1,complete,10.0,5,200,4,1.945487364620939
90,0.5,erdos_renyi,2.0,4,200,11,5.024581942054178
50,0.25,erdos_renyi,0.75,8,200,51,22.09069124259611
100,0.75,barabasi_albert,0.75,6,500,11,4.125850340136055
25,0.5,erdos_renyi,0.75,2,1000,101,44.51642249474787
10,0.5,erdos_renyi,0.75,9,500,11,4.043393815527169
10,0.9,complete,10.0,2,200,4,1.8375
90,0.99,complete,1.0,2,500,11,5.2439455095862755
75,0.9,barabasi_albert,10.0,5,100,11,5.086259541984733
25,0.5,barabasi_albert,5.0,8,200,11,4.495652173913044
10,0.25,barabasi_albert,10.0,8,500,101,26.825
75,0.75,barabasi_albert,0.75,2,200,51,20.013761467889907
25,0.75,barabasi_albert,5.0,10,50,11,4.88235294117647
90,0.99,erdos_renyi,1.0,5,200,51,23.92304078505256
10,0.99,barabasi_albert,1.0,4,1000,51,16.826666666666664
50,0.1,barabasi_albert,5.0,10,200,11,4.477777777777777
100,0.1,erdos_renyi,1.0,3,200,11,4.547400434963643
100,0.9,barabasi_albert,2.0,6,200,11,4.605113636363636
100,0.1,erdos_renyi,0.75,8,500,4,1.8341503729919417
10,0.25,barabasi_albert,5.0,3,500,101,24.375
10,0.75,erdos_renyi,5.0,10,1000,11,4.734580376812268
90,0.5,erdos_renyi,5.0,7,100,11,5.194652231333867
10,0.9,barabasi_albert,5.0,5,1000,11,4.385714285714285
50,0.99,complete,1.0,2,100,11,5.167079207920791
75,0.1,barabasi_albert,0.75,9,50,4,1.6785714285714284
90,0.75,barabasi_albert,2.0,5,500,11,4.387878787878788
75,0.5,complete,2.0,9,1000,4,1.9273972602739728
10,0.1,complete,2.0,7,200,4,1.475
10,0.1,complete,10.0,8,50,4,1.675
100,0.5,barabasi_albert,10.0,2,50,51,19.385714285714286
100,0.5,complete,2.0,8,50,11,5.216080808080808
10,0.99,complete,10.0,6,200,11,4.7772727272727264
100,0.1,complete,5.0,2,200,101,42.90888888888889
25,0.25,complete,5.0,5,1000,4,1.8653333333333335
10,0.99,erdos_renyi,5.0,5,50,11,4.75570707070707
10,0.9,barabasi_albert,0.75,8,500,11,3.7428571428571424
10,0.9,erdos_renyi,5.0,4,200,501,197.90121512708265
90,0.25,barabasi_albert,5.0,7,500,101,32.23863636363637
50,0.75,barabasi_albert,0.75,4,1000,11,4.016666666666667
75,0.1,complete,2.0,2,100,4,1.8267148014440433
75,0.25,barabasi_albert,5.0,9,200,4,1.8888888888888888
50,0.75,barabasi_albert,10.0,3,200,101,35.702777777777776
100,0.25,erdos_renyi,2.0,8,500,101,46.12990731928749
25,0.1,complete,10.0,7,200,101,33.36
25,0.9,erdos_renyi,5.0,8,100,101,45.45774890520978
100,0.25,erdos_renyi,5.0,6,200,4,1.9471118247535149
50,0.1,barabasi_albert,2.0,6,500,501,128.7888888888889
90,0.25,erdos_renyi,10.0,3,1000,11,5.088192375240228
10,0.99,complete,5.0,6,500,4,1.8409090909090906
100,0.9,barabasi_albert,10.0,4,1000,101,37.54204545454545
25,0.25,barabasi_albert,0.75,2,500,51,16.545454545454547
10,0.1,complete,5.0,2,50,101,35.125
100,0.25,complete,0.75,9,100,4,1.8977364591754249
100,0.1,barabasi_albert,0.75,7,50,51,15.494736842105263
50,0.9,barabasi_albert,5.0,9,500,4,1.8802325581395347
10,0.9,erdos_renyi,1.0,9,500,11,4.552406101788658
90,0.75,complete,5.0,5,500,51,23.714152514152513
100,0.5,erdos_renyi,2.0,9,100,101,47.70795593703108
75,0.1,barabasi_albert,2.0,3,50,11,3.7357142857142853
25,0.75,complete,1.0,9,500,51,22.70311111111111
75,0.1,erdos_renyi,2.0,10,50,4,1.9046817707350256
25,0.75,erdos_renyi,0.75,9,200,11,4.905788991825821
10,0.1,erdos_renyi,1.0,7,200,11,3.054206349206349
75,0.75,barabasi_albert,0.75,5,500,11,4.0944954128440365
10,0.5,complete,2.0,10,1000,11,4.327272727272727
75,0.99,erdos_renyi,5.0,9,500,4,1.9567629791294514
100,0.9,barabasi_albert,0.75,4,100,4,1.727840909090909
50,0.1,erdos_renyi,0.75,9,200,101,40.316602060416265
50,0.75,barabasi_albert,2.0,3,500,4,1.8027777777777778
25,0.1,complete,5.0,3,100,4,1.856666666666667
25,0.75,erdos_renyi,10.0,9,500,501,221.6542656241361
100,0.75,complete,1.0,5,200,51,23.789089439655175
50,0.75,barabasi_albert,5.0,10,100,11,4.9625
25,0.1,erdos_renyi,2.0,8,50,51,16.848890567765565
100,0.5,barabasi_albert,5.0,10,200,51,20.38877551020408
25,0.75,barabasi_albert,10.0,5,1000,11,4.829411764705882
75,0.25,complete,5.0,9,100,4,1.948051948051948
50,0.75,erdos_renyi,5.0,6,200,51,23.11586156454565
10,0.75,barabasi_albert,1.0,5,500,4,1.5833333333333335
75,0.99,erdos_renyi,1.0,8,500,4,1.9258327083985338
75,0.75,erdos_renyi,10.0,3,1000,501,229.08418271420086
90,0.1,barabasi_albert,1.0,8,1000,101,23.958823529411767
75,0.1,complete,0.75,7,100,11,4.63971119133574
100,0.25,complete,2.0,2,1000,101,46.04163298302345
10,0.25,complete,1.0,7,100,4,1.609090909090909
10,0.25,erdos_renyi,10.0,6,1000,101,23.056313131313132
25,0.1,barabasi_albert,2.0,2,100,4,1.6
90,0.1,complete,10.0,10,500,11,5.149249999999999
100,0.5,complete,10.0,6,200,4,1.9689696969696968
100,0.5,barabasi_albert,10.0,2,100,51,20.496938775510202
10,0.1,barabasi_albert,1.0,8,50,501,71.9
10,0.99,erdos_renyi,0.75,10,200,4,1.750183227625088
25,0.9,barabasi_albert,2.0,5,50,11,4.3585365853658535
100,0.25,erdos_renyi,10.0,9,500,11,5.278063058054002
100,0.9,barabasi_albert,5.0,5,500,51,19.685227272727275
100,0.9,barabasi_albert,10.0,4,500,101,37.60852272727273
25,0.25,complete,1.0,3,50,4,1.7146666666666668
90,0.5,erdos_renyi,5.0,4,200,4,1.9383300005955952
90,0.25,barabasi_albert,5.0,5,100,51,16.325
25,0.75,complete,5.0,3,100,11,4.896444444444445
10,0.9,erdos_renyi,0.75,8,200,11,4.540948547576455
10,0.75,complete,5.0,4,100,101,34.912121212121214
10,0.99,complete,10.0,9,100,4,1.8886363636363641
90,0.9,barabasi_albert,0.75,10,50,11,4.769620253164557
50,0.5,erdos_renyi,5.0,8,200,11,5.1137812610078255
100,0.9,erdos_renyi,5.0,6,100,4,1.9569183616442536
50,0.75,erdos_renyi,2.0,3,200,11,4.994376123339956
25,0.9,barabasi_albert,1.0,8,1000,11,4.270731707317074
25,0.75,complete,10.0,3,50,4,1.9435555555555557
25,0.75,complete,10.0,9,500,51,22.764888888888887
50,0.99,complete,10.0,7,1000,11,5.250660066006601
75,0.1,barabasi_albert,0.75,9,200,101,25.192857142857143
75,0.25,erdos_renyi,0.75,6,50,4,1.8457769019641208
90,0.5,barabasi_albert,0.75,2,50,51,19.738636363636363
90,0.5,barabasi_albert,2.0,7,200,101,34.23522727272727
90,0.1,erdos_renyi,2.0,7,1000,101,42.24908953617996
100,0.75,erdos_renyi,10.0,5,50,51,23.835418867380437
50,0.9,complete,5.0,10,500,101,47.25326678765881
10,0.5,complete,1.0,8,50,4,1.7136363636363636
25,0.5,complete,1.0,2,200,101,43.721333333333334
75,0.75,complete,1.0,8,200,11,5.204565112926478
100,0.99,erdos_renyi,2.0,9,1000,51,24.547062701293775
25,0.1,complete,5.0,6,500,501,154.91333333333336
75,0.25,erdos_renyi,1.0,5,1000,4,1.8392717128631506
90,0.99,barabasi_albert,5.0,4,500,101,37.07528735632184
10,0.5,complete,1.0,6,200,11,3.8000000000000007
10,0.1,complete,10.0,6,100,4,1.7
90,0.9,complete,2.0,7,50,4,1.93834628190899
25,0.75,complete,10.0,7,500,51,22.153333333333332
50,0.5,barabasi_albert,10.0,4,100,501,162.08333333333331
25,0.1,erdos_renyi,10.0,6,100,4,1.8744865101707204
75,0.1,erdos_renyi,0.75,8,100,4,1.8284460717194144
100,0.9,erdos_renyi,2.0,3,200,4,1.919445854293889
10,0.5,barabasi_albert,5.0,8,50,11,4.3125
10,0.99,complete,0.75,5,500,51,19.615909090909092
25,0.25,complete,1.0,6,50,51,19.217333333333332
10,0.99,erdos_renyi,10.0,8,50,4,1.9055050505050506
25,0.75,erdos_renyi,10.0,9,100,101,44.33117329943838
90,0.99,complete,10.0,10,100,51,24.530600403632693
25,0.25,erdos_renyi,1.0,8,1000,11,4.510842165291175
100,0.1,barabasi_albert,5.0,2,1000,51,15.284210526315785
10,0.75,erdos_renyi,10.0,4,200,11,4.786233995913537
10,0.25,barabasi_albert,1.0,9,50,4,1.6
75,0.1,complete,10.0,4,200,501,188.24440433212993
50,0.9,barabasi_albert,10.0,9,100,4,1.9279069767441865
10,0.75,barabasi_albert,1.0,5,100,4,1.625
25,0.5,erdos_renyi,10.0,6,100,101,42.12989744439052
25,0.75,complete,2.0,8,50,101,44.99377777777779
10,0.99,erdos_renyi,2.0,8,200,11,4.593181818181819
10,0.1,complete,5.0,3,500,51,12.2
90,0.5,erdos_renyi,0.75,5,1000,4,1.8759664897414496
10,0.99,barabasi_albert,2.0,10,1000,101,31.766666666666662
90,0.5,barabasi_albert,2.0,4,200,51,17.15454545454545
75,0.9,complete,1.0,2,500,4,1.914297156587906
90,0.1,barabasi_albert,1.0,10,200,4,1.688235294117647
50,0.75,barabasi_albert,10.0,10,50,11,5.0055555555555555
100,0.1,erdos_renyi,2.0,4,200,51,20.503922660663186
100,0.5,erdos_renyi,10.0,7,500,101,47.12170257337494
10,0.25,erdos_renyi,2.0,3,500,4,1.5793561993561993
100,0.75,erdos_renyi,2.0,10,100,4,1.9519159757273037
25,0.5,erdos_renyi,2.0,3,1000,4,1.8039974894666457
75,0.99,erdos_renyi,0.75,3,200,11,5.11060091391027
50,0.25,complete,1.0,7,100,101,43.52647058823529
25,0.25,complete,2.0,8,500,11,4.565333333333333
50,0.25,complete,5.0,10,100,501,224.72581699346406
100,0.25,barabasi_albert,10.0,9,200,101,37.5
90,0.25,complete,10.0,3,100,11,5.103896103896103
50,0.5,complete,0.75,8,500,11,5.060294117647059
90,0.9,erdos_renyi,5.0,8,50,101,48.16270253209951
100,0.75,complete,10.0,10,1000,51,24.43235452586207
25,0.5,complete,0.75,9,100,4,1.8439999999999999
75,0.5,barabasi_albert,1.0,4,50,11,3.8986301369863012
100,0.75,complete,0.75,5,50,4,1.9126885775862068
90,0.5,complete,1.0,5,500,51,23.230069930069934
75,0.99,barabasi_albert,2.0,5,100,101,37.06944444444444
90,0.75,complete,10.0,7,50,101,47.814885114885115
50,0.1,erdos_renyi,2.0,4,500,51,18.188255260085967
75,0.75,complete,10.0,3,50,51,23.400576645843344
10,0.9,erdos_renyi,10.0,9,1000,51,21.246757057463242
25,0.9,erdos_renyi,10.0,7,1000,501,218.8870031697567
10,0.99,erdos_renyi,5.0,6,50,501,195.85086445853887
90,0.1,complete,2.0,9,100,4,1.8972500000000003
25,0.99,barabasi_albert,0.75,2,50,4,1.7022222222222223
25,0.5,complete,5.0,2,1000,101,44.29533333333333
50,0.1,erdos_renyi,2.0,5,50,101,35.91004500063186
50,0.75,complete,0.75,4,200,4,1.8444444444444443
90,0.1,barabasi_albert,2.0,8,500,101,25.88235294117647
100,0.5,barabasi_albert,10.0,7,500,4,1.8928571428571428
90,0.99,barabasi_albert,0.75,9,200,4,1.8356321839080458
90,0.25,barabasi_albert,0.75,8,50,51,15.418181818181818
50,0.9,barabasi_albert,0.75,5,1000,4,1.6790697674418602
25,0.99,barabasi_albert,10.0,5,500,101,36.068888888888885
90,0.1,erdos_renyi,0.75,3,50,4,1.7506869908656661
90,0.9,complete,1.0,2,500,51,24.234794672586016
50,0.75,complete,2.0,9,500,4,1.9193899782135078
75,0.1,complete,10.0,3,500,11,4.977617328519856
90,0.1,barabasi_albert,5.0,9,1000,11,4.435294117647059
90,0.9,barabasi_albert,1.0,6,100,51,19.01012658227848
75,0.25,complete,2.0,9,100,11,5.072438672438673
25,0.99,complete,10.0,7,500,11,5.127609427609428
100,0.9,erdos_renyi,2.0,9,50,51,24.48142625264685
10,0.75,erdos_renyi,5.0,6,1000,4,1.8377011060834594
50,0.75,complete,1.0,4,1000,4,1.8491285403050113
25,0.1,erdos_renyi,2.0,7,50,11,4.361551181510756
90,0.1,barabasi_albert,5.0,6,200,101,26.49411764705882
75,0.99,barabasi_albert,5.0,2,50,501,198.58124999999998
90,0.75,barabasi_albert,2.0,8,100,11,4.687878787878789
25,0.9,erdos_renyi,5.0,8,50,11,5.12520273761657
25,0.5,complete,5.0,10,100,51,22.18733333333333
10,0.1,erdos_renyi,0.75,8,500,101,23.618733766233767
75,0.9,erdos_renyi,5.0,5,200,4,1.946910753550199
25,0.99,erdos_renyi,2.0,7,500,101,45.139504783430326
100,0.9,complete,10.0,2,50,501,238.14101010101007
50,0.5,barabasi_albert,2.0,4,50,11,4.179166666666666
10,0.9,complete,5.0,4,1000,4,1.7724999999999997
10,0.25,barabasi_albert,0.75,4,500,101,28.475
25,0.75,erdos_renyi,5.0,8,50,11,5.099868794005081
75,0.25,barabasi_albert,2.0,4,100,51,15.8
75,0.99,complete,10.0,3,500,501,230.99115398616672
25,0.99,erdos_renyi,1.0,5,50,101,44.04248221928168
10,0.25,barabasi_albert,1.0,5,100,51,14.25
75,0.99,erdos_renyi,10.0,4,50,51,23.67776414269369
100,0.75,erdos_renyi,10.0,5,200,11,5.258732410936281
90,0.1,barabasi_albert,0.75,10,500,51,12.982352941176469
75,0.5,erdos_renyi,5.0,2,100,501,232.96191318749874
10,0.99,barabasi_albert,10.0,3,200,501,176.20666666666668
10,0.1,erdos_renyi,0.75,2,50,4,1.592857142857143
50,0.25,complete,10.0,10,200,101,44.564052287581696
75,0.75,barabasi_albert,2.0,9,1000,101,38.36330275229358
100,0.5,barabasi_albert,1.0,6,500,51,17.20204081632653
100,0.5,barabasi_albert,5.0,3,100,51,17.96020408163265
25,0.25,barabasi_albert,1.0,8,500,51,13.881818181818181
25,0.9,barabasi_albert,5.0,8,200,501,173.01463414634148
75,0.1,erdos_renyi,1.0,10,100,101,43.58634627792323
90,0.9,erdos_renyi,5.0,5,50,11,5.217714901482991
90,0.9,barabasi_albert,1.0,10,50,11,4.800632911392405
100,0.5,barabasi_albert,5.0,6,500,51,18.39387755102041
90,0.99,erdos_renyi,5.0,9,50,101,48.66250108002881
100,0.1,erdos_renyi,5.0,2,50,4,1.917600715937504
90,0.99,complete,10.0,2,500,4,1.9599394550958629
75,0.9,erdos_renyi,2.0,10,50,11,5.293241197019449
25,0.25,barabasi_albert,10.0,3,50,101,28.136363636363637
75,0.75,complete,2.0,2,200,51,23.981691494473814
90,0.9,erdos_renyi,1.0,4,1000,4,1.9012916290392368
10,0.99,erdos_renyi,2.0,9,200,11,4.491660793986375
50,0.25,complete,10.0,2,200,4,1.9228758169934639
75,0.75,barabasi_albert,10.0,8,100,51,21.359633027522936
25,0.5,barabasi_albert,5.0,3,200,11,4.352173913043478
25,0.5,barabasi_albert,5.0,3,100,11,4.326086956521738
90,0.25,complete,1.0,5,200,51,22.537862137862138
100,0.1,complete,5.0,9,50,101,44.99515151515151
100,0.9,barabasi_albert,10.0,3,100,51,20.182954545454542
50,0.75,complete,5.0,10,500,4,1.952723311546841
100,0.25,barabasi_albert,5.0,9,500,4,1.8836734693877548
10,0.5,erdos_renyi,10.0,7,1000,11,4.707306240458415
10,0.25,erdos_renyi,2.0,5,500,51,13.076367137764194
100,0.75,complete,1.0,3,1000,51,23.61557112068966
50,0.9,complete,5.0,3,50,51,23.30744101633394
100,0.75,complete,5.0,3,500,11,5.1626885775862075
25,0.5,erdos_renyi,1.0,5,50,101,41.05902858197671
10,0.25,complete,0.75,9,500,4,1.581818181818182
10,0.1,complete,0.75,4,1000,101,24.1
90,0.1,erdos_renyi,10.0,10,1000,51,22.594852485529778
10,0.9,erdos_renyi,0.75,10,1000,51,19.709809707134095
25,0.25,complete,2.0,9,1000,11,4.672
50,0.9,complete,10.0,8,100,51,23.699001814882035
90,0.25,complete,0.75,10,50,51,23.634765234765236
75,0.99,complete,10.0,8,50,11,5.3074262832180565
75,0.25,barabasi_albert,0.75,8,50,11,4.027777777777778
90,0.75,complete,2.0,5,500,11,5.1212787212787205
10,0.99,complete,2.0,2,100,51,21.474999999999994
50,0.1,barabasi_albert,5.0,5,200,101,27.377777777777776
10,0.75,erdos_renyi,5.0,7,200,4,1.8752883880825055
90,0.75,barabasi_albert,10.0,9,500,101,41.471969696969694
100,0.9,complete,0.75,8,1000,11,5.264646464646465
75,0.99,barabasi_albert,5.0,9,100,51,21.199305555555554
90,0.9,barabasi_albert,5.0,5,200,4,1.9113924050632911
25,0.99,barabasi_albert,0.75,4,500,51,17.011111111111113
10,0.1,barabasi_albert,5.0,8,100,101,12.5
100,0.9,erdos_renyi,10.0,5,500,4,1.9655875913087848
10,0.5,erdos_renyi,0.75,5,200,51,17.35335424531018
50,0.5,barabasi_albert,5.0,5,500,4,1.8354166666666667
25,0.75,barabasi_albert,10.0,5,200,501,163.84117647058824
100,0.99,complete,10.0,2,1000,501,239.12626530612246
90,0.5,barabasi_albert,1.0,7,200,101,33.63522727272727
90,0.9,complete,1.0,8,50,4,1.9371809100998891
90,0.1,complete,5.0,3,200,501,200.744
25,0.75,erdos_renyi,5.0,3,200,4,1.8719743194766931
90,0.75,erdos_renyi,5.0,5,500,101,46.89904598107048
100,0.5,erdos_renyi,10.0,8,100,501,235.5429858368252
25,0.75,erdos_renyi,5.0,4,1000,51,21.129909463215625
50,0.1,erdos_renyi,5.0,3,100,11,4.671652310740612
75,0.1,barabasi_albert,5.0,6,50,101,29.3
50,0.1,complete,5.0,9,100,501,202.41967213114754
90,0.9,barabasi_albert,0.75,8,50,4,1.8151898734177216
10,0.25,complete,0.75,3,100,4,1.4727272727272727
10,0.99,complete,10.0,3,500,4,1.8909090909090907
90,0.5,barabasi_albert,10.0,8,200,101,40.043181818181814
10,0.5,barabasi_albert,5.0,5,200,51,14.6375
75,0.25,barabasi_albert,5.0,5,500,501,143.68055555555554
90,0.5,erdos_renyi,0.75,9,1000,4,1.9176923878622794
75,0.75,barabasi_albert,0.75,6,1000,4,1.7541284403669724
75,0.9,complete,10.0,10,50,11,5.334961954345215
100,0.9,barabasi_albert,0.75,5,1000,101,35.742613636363636
90,0.25,barabasi_albert,1.0,3,100,51,15.904545454545453
75,0.1,barabasi_albert,5.0,9,100,101,31.271428571428565
90,0.25,complete,1.0,9,500,4,1.889210789210789
75,0.5,barabasi_albert,2.0,4,500,4,1.7945205479452055
50,0.1,complete,5.0,9,500,11,5.002459016393443
50,0.25,erdos_renyi,0.75,5,50,101,41.07977104357171
50,0.5,barabasi_albert,2.0,2,100,4,1.81875
10,0.1,barabasi_albert,0.75,3,500,11,1.8
50,0.5,complete,1.0,4,100,11,4.776470588235294
50,0.9,complete,0.75,3,1000,11,5.01043557168784
10,0.99,barabasi_albert,2.0,8,100,11,3.94
90,0.5,erdos_renyi,5.0,2,200,4,1.9316723876444601
75,0.25,barabasi_albert,2.0,6,100,11,4.347222222222223
50,0.5,barabasi_albert,0.75,8,1000,11,4.054166666666666
25,0.9,erdos_renyi,10.0,6,1000,11,5.080517378606411
75,0.1,erdos_renyi,0.75,2,100,11,4.718638676586127
50,0.25,barabasi_albert,1.0,2,200,4,1.6583333333333332
10,0.9,barabasi_albert,0.75,5,100,101,33.207142857142856
75,0.1,complete,5.0,9,50,501,213.39963898916966
25,0.99,barabasi_albert,5.0,9,1000,101,38.306666666666665
10,0.5,complete,10.0,2,50,11,4.7772727272727264
100,0.99,erdos_renyi,1.0,6,500,4,1.9274997544592147
10,0.75,barabasi_albert,0.75,8,1000,11,3.7083333333333335
25,0.5,erdos_renyi,0.75,3,1000,4,1.756480212332113
90,0.75,complete,10.0,3,500,501,230.85437895437894
50,0.1,erdos_renyi,1.0,8,1000,11,4.513172965657286
75,0.1,complete,2.0,9,100,101,43.212274368231036
90,0.1,complete,5.0,6,1000,501,204.40800000000002
100,0.9,complete,2.0,9,500,11,5.280920314253647
75,0.5,erdos_renyi,10.0,2,500,501,231.57836580168927
50,0.9,erdos_renyi,10.0,6,50,101,46.53393874864777
90,0.1,erdos_renyi,5.0,8,100,4,1.9336370593532166
10,0.99,barabasi_albert,2.0,2,500,501,183.48666666666665
75,0.75,complete,2.0,7,500,11,5.174675636713118
75,0.1,barabasi_albert,2.0,2,1000,501,176.89285714285714
100,0.99,complete,2.0,9,500,11,5.293285714285714
100,0.5,erdos_renyi,2.0,5,500,4,1.910805800913985
25,0.1,erdos_renyi,2.0,2,500,101,37.673188046399574
75,0.75,barabasi_albert,10.0,4,100,101,36.188990825688066
90,0.25,complete,2.0,6,200,4,1.9
10,0.5,barabasi_albert,2.0,2,100,11,4.0625
90,0.9,barabasi_albert,10.0,6,1000,501,186.63227848101263
90,0.9,barabasi_albert,5.0,10,1000,101,41.5753164556962
90,0.75,barabasi_albert,0.75,9,500,11,4.5643939393939394
25,0.25,barabasi_albert,2.0,9,1000,11,3.9363636363636365
25,0.99,erdos_renyi,10.0,7,500,11,5.175065682972021
90,0.9,erdos_renyi,0.75,4,50,11,5.157694346535064
25,0.75,barabasi_albert,10.0,2,50,51,19.055882352941175
100,0.5,barabasi_albert,0.75,2,200,4,1.6836734693877553
75,0.99,barabasi_albert,10.0,7,1000,51,21.191666666666666
75,0.9,complete,10.0,4,1000,4,1.9600320384461352
25,0.99,barabasi_albert,5.0,4,200,101,35.93777777777778
75,0.5,barabasi_albert,5.0,3,100,11,4.584931506849314
100,0.1,erdos_renyi,2.0,2,100,51,21.953497508479526
90,0.9,complete,2.0,5,200,51,23.651415094339622
50,0.9,barabasi_albert,0.75,3,500,51,19.36976744186046
10,0.25,complete,2.0,10,200,11,4.218181818181819
90,0.25,barabasi_albert,1.0,3,200,11,3.681818181818182
90,0.5,barabasi_albert,5.0,2,100,51,19.373863636363634
100,0.25,barabasi_albert,5.0,9,500,51,18.93469387755102
10,0.25,complete,5.0,3,500,4,1.6818181818181817
25,0.75,barabasi_albert,10.0,7,50,501,177.55588235294118
50,0.99,complete,10.0,6,100,51,23.643316831683165
90,0.75,barabasi_albert,0.75,7,200,51,18.131818181818183
75,0.9,barabasi_albert,5.0,7,200,51,20.52748091603053
50,0.25,complete,10.0,8,200,101,44.05424836601308
25,0.75,erdos_renyi,2.0,7,1000,101,43.41144758750358
50,0.9,erdos_renyi,10.0,9,50,4,1.9709576312811499
10,0.1,erdos_renyi,0.75,3,100,51,9.83
25,0.9,erdos_renyi,2.0,2,200,51,22.747250262010787
90,0.99,barabasi_albert,2.0,10,200,4,1.8839080459770117
75,0.99,erdos_renyi,0.75,9,50,4,1.9369783893606936
50,0.99,complete,1.0,2,1000,11,5.126485148514852
90,0.5,barabasi_albert,0.75,2,100,51,19.820454545454545
10,0.9,erdos_renyi,10.0,3,50,11,4.801494855214367
50,0.9,erdos_renyi,2.0,9,200,11,5.1892804602161435
100,0.5,complete,0.75,9,500,11,5.226060606060605
10,0.1,barabasi_albert,2.0,3,500,51,16.5
10,0.75,barabasi_albert,0.75,2,200,101,37.641666666666666
25,0.25,complete,2.0,2,500,4,1.8240000000000003
50,0.25,complete,1.0,9,50,4,1.8758169934640523
10,0.75,barabasi_albert,0.75,4,500,101,35.025
10,0.1,complete,1.0,9,100,101,13.15
100,0.99,erdos_renyi,2.0,10,500,4,1.9520395319414963
50,0.75,complete,5.0,3,100,51,22.94575163398693
90,0.1,complete,1.0,3,200,4,1.7737500000000004
10,0.9,complete,0.75,6,50,4,1.7399999999999998
75,0.99,barabasi_albert,1.0,9,200,4,1.8416666666666668
10,0.9,complete,1.0,2,500,51,21.962500000000002
50,0.75,erdos_renyi,1.0,7,200,51,23.42879860496154
100,0.75,complete,2.0,4,50,51,23.632435344827584
90,0.5,barabasi_albert,5.0,4,1000,11,4.687499999999999
10,0.75,barabasi_albert,10.0,2,1000,501,163.60833333333332
100,0.9,barabasi_albert,5.0,3,1000,51,19.4625
100,0.9,barabasi_albert,10.0,6,500,101,40.459659090909085
25,0.9,complete,5.0,7,50,4,1.9262962962962962
10,0.5,erdos_renyi,10.0,3,500,101,35.07335648600065
90,0.25,complete,5.0,9,500,101,46.04115884115885
25,0.25,complete,10.0,4,1000,51,19.48266666666667
50,0.99,barabasi_albert,1.0,10,50,101,40.78736842105263
100,0.9,erdos_renyi,1.0,4,100,4,1.910520313350851
50,0.75,complete,5.0,2,500,51,23.41241830065359
50,0.99,complete,10.0,5,200,4,1.954785478547855
25,0.1,complete,2.0,5,50,101,32.35333333333333
75,0.75,barabasi_albert,5.0,3,100,51,18.894495412844037
50,0.25,complete,1.0,6,100,51,22.05098039215686
100,0.25,barabasi_albert,5.0,10,500,11,4.902040816326531
90,0.75,barabasi_albert,1.0,8,100,11,4.525757575757575
75,0.25,complete,5.0,8,50,4,1.9569985569985568
90,0.1,erdos_renyi,5.0,2,200,4,1.9221453033522309
100,0.1,barabasi_albert,10.0,2,200,4,1.8157894736842102
100,0.1,barabasi_albert,2.0,5,1000,101,26.489473684210527
75,0.5,erdos_renyi,5.0,9,200,101,47.174210297098085
100,0.75,erdos_renyi,10.0,3,500,501,232.46869971665478
50,0.9,complete,5.0,6,50,101,46.675952813067155
10,0.25,barabasi_albert,5.0,4,100,11,3.825
25,0.9,complete,2.0,8,500,51,22.77444444444445
75,0.25,erdos_renyi,2.0,4,1000,11,4.771863764165441
75,0.99,barabasi_albert,10.0,10,50,501,204.71944444444443
10,0.99,barabasi_albert,0.75,3,500,51,18.71333333333333
25,0.75,barabasi_albert,5.0,4,1000,51,18.011764705882353
10,0.5,complete,0.75,5,200,4,1.618181818181818
25,0.25,complete,0.75,4,50,11,4.229333333333333
10,0.99,complete,10.0,7,500,501,189.85227272727275
10,0.9,complete,10.0,9,500,51,21.252500000000005
75,0.75,barabasi_albert,5.0,7,200,501,175.3908256880734
10,0.9,erdos_renyi,0.75,3,500,4,1.7204992157864936
25,0.75,barabasi_albert,1.0,10,1000,101,35.7264705882353
100,0.99,barabasi_albert,5.0,4,1000,11,4.760309278350515
100,0.75,erdos_renyi,10.0,6,200,501,236.14593284031463
75,0.1,erdos_renyi,10.0,10,200,501,214.42586376067112
100,0.1,barabasi_albert,5.0,5,50,501,142.16842105263157
100,0.1,erdos_renyi,10.0,7,100,101,43.59847054412769
90,0.1,barabasi_albert,5.0,3,1000,4,1.7529411764705884
50,0.9,erdos_renyi,0.75,5,50,11,5.075737966409621
75,0.25,barabasi_albert,2.0,9,500,11,4.438888888888889
25,0.9,complete,2.0,7,500,11,4.915555555555555
100,0.5,erdos_renyi,5.0,9,1000,4,1.9587526962583799
25,0.75,barabasi_albert,10.0,5,1000,501,171.08235294117645
50,0.9,erdos_renyi,5.0,4,50,51,23.12029496683887
10,0.1,barabasi_albert,0.75,6,100,101,16.5
50,0.9,complete,1.0,2,100,11,5.15372050816697
50,0.1,complete,0.75,9,500,101,40.82377049180328
75,0.5,complete,5.0,10,500,11,5.23410237923576
25,0.75,complete,10.0,5,100,501,206.80311111111118
100,0.75,barabasi_albert,5.0,8,500,4,1.8904761904761904
10,0.99,complete,5.0,7,200,501,179.6409090909091
100,0.5,erdos_renyi,2.0,3,200,11,5.039828812683078
25,0.99,erdos_renyi,5.0,5,200,11,4.962049342062004
75,0.1,erdos_renyi,1.0,9,50,51,21.79512029659673
25,0.25,barabasi_albert,5.0,4,1000,101,29.409090909090907
75,0.1,barabasi_albert,10.0,7,50,501,129.54285714285714
10,0.1,complete,0.75,8,500,51,10.45
100,0.5,complete,5.0,10,100,101,47.93761616161616
100,0.1,barabasi_albert,2.0,6,500,501,127.53684210526316
75,0.75,complete,1.0,3,100,4,1.8897645362806348
90,0.1,barabasi_albert,0.75,6,1000,11,3.358823529411765
50,0.25,erdos_renyi,10.0,6,100,51,21.946841592852728
100,0.5,barabasi_albert,0.75,8,500,101,32.673469387755105
10,0.1,barabasi_albert,10.0,4,1000,51,8.4
25,0.75,barabasi_albert,2.0,7,1000,101,33.455882352941174
90,0.25,complete,5.0,6,500,11,5.0623376623376615
50,0.25,barabasi_albert,5.0,5,100,4,1.8416666666666668
25,0.5,barabasi_albert,5.0,10,1000,11,4.621739130434784
50,0.5,barabasi_albert,5.0,6,50,101,33.666666666666664
25,0.1,erdos_renyi,1.0,6,100,4,1.7135292271458895
25,0.75,complete,5.0,4,200,51,21.005777777777777
90,0.1,barabasi_albert,10.0,5,500,101,27.688235294117646
10,0.75,erdos_renyi,10.0,4,100,4,1.870213254402427
90,0.99,erdos_renyi,2.0,3,1000,4,1.9128727381380575
75,0.99,barabasi_albert,0.75,2,200,51,21.09722222222222
75,0.1,erdos_renyi,10.0,6,500,501,201.91188282994634
50,0.25,barabasi_albert,5.0,3,500,501,153.2125
25,0.5,complete,2.0,2,200,51,21.654
90,0.5,barabasi_albert,5.0,6,100,101,35.40795454545455
90,0.99,barabasi_albert,5.0,3,200,101,37.825287356321844
25,0.5,erdos_renyi,10.0,9,500,501,215.56586185916785
10,0.25,erdos_renyi,10.0,9,50,11,4.897234432234432
25,0.5,complete,1.0,7,1000,11,4.638
50,0.25,complete,1.0,10,50,101,44.81111111111111
25,0.99,erdos_renyi,0.75,10,100,51,23.48675244412026
50,0.99,barabasi_albert,5.0,7,200,11,4.901052631578947
50,0.25,barabasi_albert,0.75,9,100,51,16.50416666666667
90,0.5,erdos_renyi,2.0,4,100,101,46.02655662659675
75,0.1,erdos_renyi,2.0,6,200,4,1.8757081476830024
90,0.1,barabasi_albert,2.0,10,50,51,14.582352941176472
100,0.1,erdos_renyi,2.0,2,1000,51,22.09326630697867
100,0.99,erdos_renyi,1.0,2,50,51,24.391944790245418
10,0.99,complete,1.0,6,1000,51,18.679545454545455
25,0.25,erdos_renyi,1.0,10,100,101,41.22375550120345
75,0.1,barabasi_albert,0.75,4,50,11,3.157142857142857
100,0.75,barabasi_albert,10.0,8,500,501,193.17074829931977
100,0.25,barabasi_albert,0.75,8,100,11,3.9489795918367347
100,0.9,complete,10.0,3,100,4,1.9628282828282828
100,0.75,barabasi_albert,1.0,10,100,11,4.774829931972789
75,0.1,complete,10.0,4,50,4,1.9465703971119133
10,0.9,erdos_renyi,1.0,6,500,51,18.891766185580032
100,0.1,barabasi_albert,10.0,4,500,101,26.594736842105267
10,0.25,complete,1.0,5,500,101,29.04545454545455
75,0.5,barabasi_albert,1.0,2,200,4,1.6904109589041099
75,0.5,complete,5.0,8,500,4,1.95436193222783
90,0.1,erdos_renyi,0.75,2,50,51,21.916028651552626
100,0.5,barabasi_albert,5.0,4,200,501,171.2112244897959
100,0.1,erdos_renyi,10.0,10,500,501,222.63419079727186
10,0.9,complete,1.0,3,200,101,40.735
90,0.1,complete,5.0,6,500,101,41.69925
10,0.5,complete,5.0,6,200,4,1.790909090909091
10,0.25,barabasi_albert,2.0,3,100,11,3.175
25,0.1,barabasi_albert,0.75,8,200,101,24.525
25,0.1,barabasi_albert,5.0,5,200,4,1.6
10,0.25,complete,1.0,10,200,51,13.754545454545456
10,0.25,complete,5.0,8,50,4,1.7909090909090906
90,0.99,barabasi_albert,2.0,3,500,11,4.357471264367816
75,0.1,barabasi_albert,2.0,4,500,101,24.478571428571428
50,0.25,erdos_renyi,5.0,7,100,51,21.881905091260016
90,0.1,complete,5.0,2,50,51,21.472749999999998
90,0.75,complete,2.0,7,1000,4,1.9307692307692306
75,0.5,barabasi_albert,1.0,3,200,11,3.9150684931506854
75,0.9,barabasi_albert,2.0,8,100,101,39.4381679389313
90,0.5,complete,5.0,6,1000,11,5.136363636363637
25,0.9,complete,2.0,3,50,51,22.190370370370367
25,0.25,complete,0.75,8,50,4,1.806666666666667
25,0.1,barabasi_albert,2.0,9,100,51,11.2
75,0.1,erdos_renyi,5.0,10,50,51,22.25563147608853
90,0.99,complete,5.0,8,500,11,5.291775983854691
25,0.9,barabasi_albert,10.0,6,100,51,20.334146341463413
50,0.75,barabasi_albert,1.0,5,500,4,1.7638888888888888
50,0.1,erdos_renyi,2.0,8,500,51,20.106111250426547
10,0.5,erdos_renyi,0.75,7,200,51,16.767325953773327
75,0.9,erdos_renyi,10.0,6,200,4,1.9705798195717752
75,0.9,complete,2.0,7,200,4,1.9293552262715257
90,0.1,erdos_renyi,0.75,3,1000,4,1.7523104620542647
75,0.5,complete,0.75,2,100,4,1.8898341744772889
75,0.5,complete,5.0,9,1000,51,23.858255227108867
75,0.25,complete,5.0,8,50,11,5.1645021645021645
90,0.5,barabasi_albert,5.0,9,500,101,38.77840909090909
100,0.75,complete,5.0,2,50,51,24.203690732758623
75,0.1,complete,1.0,5,500,51,20.052346570397113
10,0.25,complete,2.0,8,50,51,16.272727272727273
50,0.1,complete,2.0,10,1000,51,20.885245901639344
75,0.5,complete,1.0,7,1000,4,1.8818312905551555
25,0.25,complete,10.0,4,100,51,19.290666666666667
10,0.99,erdos_renyi,2.0,2,100,4,1.7960488607000236
10,0.75,barabasi_albert,1.0,9,100,101,31.53333333333333
50,0.9,barabasi_albert,1.0,7,100,4,1.7930232558139534
25,0.9,barabasi_albert,5.0,4,1000,11,4.51951219512195
25,0.25,barabasi_albert,10.0,3,50,501,154.3
25,0.25,erdos_renyi,0.75,4,100,4,1.7110219270498543
100,0.99,complete,10.0,7,50,101,48.30926530612245
10,0.1,erdos_renyi,2.0,10,100,4,1.6034920634920637
90,0.9,barabasi_albert,10.0,3,500,11,4.9335443037974684
10,0.25,complete,5.0,2,50,4,1.8545454545454543
50,0.25,complete,0.75,2,200,11,4.82875816993464
75,0.99,barabasi_albert,2.0,5,1000,4,1.8368055555555554
90,0.9,barabasi_albert,10.0,9,50,11,5.184810126582279
10,0.1,barabasi_albert,2.0,9,200,4,1.3
75,0.9,erdos_renyi,10.0,3,100,4,1.9594618617004198
10,0.1,erdos_renyi,0.75,2,1000,101,28.808333333333337
75,0.5,erdos_renyi,2.0,2,100,4,1.902326938925618
90,0.25,erdos_renyi,10.0,9,50,11,5.262237923807496
25,0.9,erdos_renyi,10.0,6,1000,101,43.5797512841342
25,0.99,barabasi_albert,5.0,3,50,501,177.6288888888889
75,0.75,erdos_renyi,0.75,4,1000,4,1.8788696345071922
25,0.99,barabasi_albert,2.0,5,100,51,18.148888888888887
90,0.9,barabasi_albert,1.0,9,500,4,1.826582278481013
25,0.1,barabasi_albert,5.0,2,200,11,3.5
25,0.1,complete,10.0,4,1000,501,152.33333333333331
25,0.75,barabasi_albert,5.0,5,500,51,18.45294117647059
90,0.9,barabasi_albert,10.0,7,50,11,5.20126582278481
100,0.99,complete,5.0,10,50,11,5.337551020408162
10,0.9,complete,2.0,8,1000,51,19.265
75,0.1,erdos_renyi,2.0,3,100,101,40.2497275965547
25,0.99,barabasi_albert,5.0,3,100,51,18.751111111111108
25,0.5,complete,10.0,3,500,4,1.9066666666666667
10,0.1,complete,1.0,6,50,51,10.325
75,0.1,erdos_renyi,5.0,8,50,11,5.08450456797147
50,0.9,barabasi_albert,0.75,3,500,11,4.1325581395348845
90,0.9,complete,10.0,2,500,4,1.95976692563818
10,0.9,complete,10.0,7,500,4,1.8699999999999999
10,0.99,erdos_renyi,10.0,9,100,501,206.28606060606063
75,0.1,barabasi_albert,10.0,10,100,101,34.96428571428571
75,0.75,barabasi_albert,2.0,8,100,4,1.8834862385321103
75,0.75,erdos_renyi,10.0,10,1000,501,237.63938106183346
10,0.99,barabasi_albert,10.0,7,50,101,34.06666666666667
25,0.9,barabasi_albert,2.0,2,50,501,194.52926829268293
25,0.9,complete,10.0,10,1000,4,1.9351851851851851
75,0.25,erdos_renyi,5.0,2,1000,501,220.68669410981784
50,0.1,erdos_renyi,5.0,5,200,51,19.488115468424063
90,0.1,erdos_renyi,2.0,4,50,51,20.224059962994964
75,0.99,erdos_renyi,5.0,5,1000,51,23.651582691111273
90,0.99,erdos_renyi,0.75,4,50,4,1.9084413672433036
50,0.25,complete,0.75,6,100,11,4.63921568627451
25,0.1,barabasi_albert,5.0,9,50,4,1.725
100,0.1,complete,10.0,3,50,501,199.4191919191919
10,0.1,barabasi_albert,10.0,5,200,101,14.7
100,0.75,complete,0.75,10,50,11,5.2902478448275865
10,0.25,complete,1.0,6,200,51,16.072727272727274
75,0.5,barabasi_albert,10.0,3,50,4,1.8945205479452056
75,0.25,complete,10.0,4,50,4,1.958008658008658
100,0.25,erdos_renyi,2.0,3,200,101,44.74163281439457
90,0.75,barabasi_albert,0.75,5,1000,51,17.843939393939394
10,0.1,complete,2.0,8,1000,101,21.825
100,0.99,barabasi_albert,10.0,8,200,101,41.32886597938144
10,0.1,barabasi_albert,1.0,6,200,501,108.7
100,0.5,erdos_renyi,0.75,2,1000,11,5.174775000608048
75,0.5,barabasi_albert,10.0,5,50,501,173.2904109589041
90,0.99,barabasi_albert,1.0,8,50,11,4.724137931034482
50,0.75,complete,2.0,9,100,51,23.952941176470592
10,0.9,complete,1.0,10,1000,4,1.7225000000000001
10,0.1,erdos_renyi,1.0,5,50,101,20.81404761904762
90,0.5,complete,5.0,2,500,101,47.015834165834164
25,0.25,erdos_renyi,5.0,3,200,11,4.709747230738841
50,0.5,erdos_renyi,1.0,2,1000,101,45.88703422760201
10,0.5,erdos_renyi,2.0,7,1000,11,4.272111879657855
25,0.25,complete,10.0,8,500,101,39.861333333333334
90,0.25,erdos_renyi,2.0,6,200,101,45.09117724168397
75,0.1,complete,2.0,9,100,101,43.262454873646206
10,0.25,complete,1.0,3,1000,501,156.2181818181818
75,0.1,barabasi_albert,2.0,3,200,11,3.564285714285714
10,0.25,barabasi_albert,2.0,5,200,501,142.75
75,0.75,erdos_renyi,1.0,6,500,11,5.150612067055224
100,0.1,erdos_renyi,2.0,6,50,101,42.13348925199496
10,0.9,erdos_renyi,5.0,8,500,501,179.31432334785427
100,0.75,barabasi_albert,5.0,6,1000,4,1.8993197278911562
10,0.99,complete,1.0,7,200,4,1.7772727272727273
25,0.1,complete,2.0,2,200,51,17.87
50,0.1,erdos_renyi,10.0,3,1000,101,37.77947709057698
90,0.5,erdos_renyi,5.0,2,500,101,47.10120800283934
75,0.1,barabasi_albert,10.0,8,200,11,4.685714285714285
25,0.5,complete,10.0,10,200,11,5.134666666666666
75,0.1,barabasi_albert,1.0,2,1000,101,36.400000000000006
25,0.25,barabasi_albert,2.0,3,200,51,15.6
25,0.75,erdos_renyi,10.0,2,500,101,44.8971524678875
10,0.5,barabasi_albert,1.0,9,1000,51,14.0
100,0.5,erdos_renyi,1.0,8,50,11,5.220750272694925
100,0.9,complete,2.0,9,1000,51,24.400291806958474
50,0.9,barabasi_albert,1.0,8,500,11,4.499999999999999
25,0.1,erdos_renyi,5.0,4,500,4,1.8045351997938206
75,0.25,barabasi_albert,1.0,9,100,51,16.31111111111111
25,0.5,barabasi_albert,10.0,4,50,51,18.7
10,0.99,erdos_renyi,5.0,7,200,501,176.9827777777778
25,0.5,complete,10.0,8,200,51,21.904000000000003
50,0.25,erdos_renyi,10.0,7,50,101,43.68049052920946
25,0.75,complete,1.0,5,500,51,21.54577777777778
25,0.25,complete,0.75,3,100,4,1.704
100,0.9,complete,10.0,3,1000,51,23.742424242424242
100,0.75,erdos_renyi,10.0,9,500,51,24.3005765889772
25,0.9,complete,5.0,10,50,101,45.66148148148149
75,0.5,complete,10.0,7,1000,11,5.257822638788753
90,0.5,erdos_renyi,5.0,6,1000,4,1.9438355885476988
25,0.1,barabasi_albert,10.0,8,500,11,4.0
10,0.9,barabasi_albert,5.0,3,1000,51,15.792857142857144
75,0.99,barabasi_albert,2.0,7,50,51,20.679861111111112
25,0.75,complete,10.0,9,50,501,221.97733333333332
75,0.99,complete,2.0,8,50,4,1.9390243902439022
100,0.99,barabasi_albert,1.0,9,1000,51,20.975773195876286
10,0.9,erdos_renyi,10.0,9,200,4,1.886288776478122
75,0.9,barabasi_albert,0.75,10,50,4,1.847328244274809
10,0.1,barabasi_albert,0.75,5,50,101,21.2
100,0.25,complete,10.0,7,500,501,225.688116410671
100,0.9,complete,5.0,3,1000,101,47.119281705948374
75,0.25,barabasi_albert,2.0,8,200,101,27.075
75,0.25,barabasi_albert,0.75,10,100,101,32.30833333333334
50,0.75,erdos_renyi,10.0,10,500,501,233.2719365402922
100,0.1,barabasi_albert,2.0,7,500,51,12.189473684210526
90,0.25,barabasi_albert,5.0,7,1000,4,1.8227272727272728
10,0.1,barabasi_albert,2.0,8,500,11,2.0
25,0.9,barabasi_albert,1.0,9,100,11,4.278048780487804
10,0.9,barabasi_albert,0.75,7,50,51,18.621428571428574
90,0.9,complete,0.75,8,1000,11,5.2446448390677025
100,0.25,barabasi_albert,1.0,6,1000,11,3.8448979591836734
10,0.75,barabasi_albert,5.0,4,500,101,30.35
100,0.75,complete,1.0,9,1000,4,1.9367726293103449
75,0.9,barabasi_albert,10.0,7,500,501,188.7259541984733
90,0.9,barabasi_albert,2.0,4,100,11,4.323417721518988
50,0.1,erdos_renyi,10.0,5,100,501,176.13278272791948
25,0.1,erdos_renyi,1.0,9,1000,11,4.069683204733077
25,0.9,barabasi_albert,10.0,2,1000,11,4.717073170731707
50,0.75,complete,2.0,4,100,51,22.796949891067538
100,0.75,barabasi_albert,5.0,2,50,51,19.812244897959182
25,0.25,erdos_renyi,0.75,8,100,101,41.71721505208028
50,0.75,erdos_renyi,2.0,4,500,51,22.77642139841798
75,0.5,barabasi_albert,2.0,9,100,51,18.757534246575343
10,0.5,complete,5.0,5,200,4,1.8136363636363637
50,0.75,complete,5.0,10,500,4,1.9497821350762525
50,0.5,barabasi_albert,5.0,4,200,11,4.533333333333333
10,0.5,barabasi_albert,10.0,5,50,4,1.75
90,0.5,erdos_renyi,2.0,6,1000,11,5.11136301253881
100,0.5,complete,2.0,5,100,11,5.10961616161616
75,0.5,erdos_renyi,2.0,6,200,11,5.101555210236368
10,0.9,barabasi_albert,2.0,2,50,101,38.84285714285714
25,0.99,barabasi_albert,5.0,10,200,11,4.88
25,0.1,erdos_renyi,0.75,9,200,51,16.03514403613835
90,0.75,complete,2.0,2,1000,4,1.9179154179154179
10,0.5,complete,0.75,8,100,4,1.6954545454545453
25,0.5,barabasi_albert,5.0,9,100,51,18.90434782608696
100,0.9,barabasi_albert,2.0,2,100,51,20.39034090909091
10,0.1,barabasi_albert,10.0,10,500,4,1.2
50,0.75,barabasi_albert,0.75,3,200,51,17.719444444444445
100,0.5,erdos_renyi,10.0,5,200,501,230.49544720055596
25,0.5,barabasi_albert,10.0,2,500,11,4.708695652173913
50,0.99,barabasi_albert,1.0,7,100,4,1.8063157894736843
75,0.75,erdos_renyi,2.0,4,200,11,5.085924797550978
50,0.1,barabasi_albert,2.0,2,50,101,35.57777777777777
25,0.75,barabasi_albert,5.0,4,50,51,18.144117647058824
50,0.25,erdos_renyi,1.0,2,500,51,22.437154834273457
50,0.5,complete,5.0,4,50,11,4.992156862745098
100,0.75,complete,1.0,9,500,11,5.265220905172415
25,0.25,barabasi_albert,0.75,9,100,51,14.281818181818185
75,0.1,complete,10.0,5,50,4,1.9501805054151624
50,0.1,erdos_renyi,0.75,7,1000,11,4.302172500166913
100,0.9,barabasi_albert,1.0,2,1000,51,20.276136363636365
100,0.99,barabasi_albert,0.75,10,200,11,4.760309278350515
90,0.1,erdos_renyi,1.0,9,1000,11,4.846143675523377
90,0.1,erdos_renyi,10.0,6,1000,51,21.440243654288572
75,0.99,complete,10.0,7,50,4,1.9724426647251547
75,0.25,erdos_renyi,1.0,9,50,4,1.9007362044701321
75,0.99,complete,1.0,6,500,51,23.89635966508919
50,0.1,erdos_renyi,0.75,9,50,101,41.70619254532817
25,0.1,erdos_renyi,10.0,10,50,101,39.42774175710662
90,0.5,barabasi_albert,10.0,5,100,11,5.0
100,0.1,erdos_renyi,2.0,9,1000,4,1.906253507292158
90,0.5,erdos_renyi,10.0,8,50,11,5.301823901229136
50,0.1,barabasi_albert,10.0,6,200,4,1.7666666666666668
90,0.9,barabasi_albert,0.75,7,500,4,1.74873417721519
100,0.5,erdos_renyi,10.0,6,100,101,46.93949548677919
75,0.5,complete,10.0,8,1000,101,46.70245133381398
25,0.9,complete,5.0,5,50,101,43.82222222222222
75,0.25,erdos_renyi,5.0,5,200,101,43.502880465070874
25,0.1,barabasi_albert,1.0,8,100,101,22.0
10,0.5,complete,2.0,2,1000,101,38.65909090909092
75,0.9,erdos_renyi,2.0,4,100,4,1.9078906681017542
90,0.75,erdos_renyi,2.0,6,200,51,23.85423019758481
25,0.75,barabasi_albert,5.0,3,50,51,18.33529411764706
25,0.1,erdos_renyi,5.0,2,200,501,193.00826494150425
10,0.25,complete,5.0,4,1000,101,24.36363636363636
50,0.9,barabasi_albert,1.0,10,100,51,21.05581395348837
25,0.5,complete,2.0,2,200,51,22.16533333333333
75,0.25,barabasi_albert,5.0,4,50,4,1.8527777777777779
100,0.1,erdos_renyi,1.0,2,500,4,1.8109135042800393
75,0.1,erdos_renyi,2.0,4,200,4,1.8492721480335799
10,0.75,complete,5.0,8,1000,4,1.8333333333333333
90,0.1,barabasi_albert,10.0,5,200,101,30.182352941176468
10,0.25,complete,0.75,5,1000,101,32.018181818181816
100,0.1,erdos_renyi,2.0,3,200,51,20.578517162064937
90,0.5,complete,10.0,4,1000,501,225.99220779220778
10,0.5,complete,1.0,7,50,11,4.013636363636364
25,0.1,barabasi_albert,5.0,5,500,51,12.225
100,0.9,barabasi_albert,10.0,6,500,101,38.81193181818181
50,0.9,erdos_renyi,5.0,6,200,4,1.9448514664265069
25,0.1,complete,5.0,9,100,11,4.796666666666668
25,0.99,complete,0.75,7,200,51,22.323569023569025
90,0.25,erdos_renyi,5.0,9,500,101,46.28985944177759
100,0.5,complete,0.75,4,1000,4,1.877858585858586
25,0.99,barabasi_albert,5.0,5,1000,4,1.8222222222222224
25,0.25,complete,2.0,4,500,11,4.2413333333333325
25,0.99,erdos_renyi,0.75,9,50,51,23.40111987452394
100,0.5,barabasi_albert,5.0,3,500,51,17.3
50,0.99,complete,2.0,7,500,51,23.587128712871284
90,0.5,erdos_renyi,10.0,2,500,101,47.01732230474193
25,0.1,complete,10.0,7,50,101,35.540000000000006
50,0.1,erdos_renyi,5.0,7,50,11,4.876327009997658
100,0.75,erdos_renyi,1.0,6,200,11,5.224291177404746
50,0.99,barabasi_albert,10.0,2,50,4,1.9442105263157892
25,0.9,erdos_renyi,10.0,4,100,51,22.134185222984307
50,0.5,erdos_renyi,1.0,4,1000,4,1.8427796170982316
90,0.1,erdos_renyi,1.0,6,500,101,42.054153396640714
50,0.1,erdos_renyi,0.75,9,50,101,41.60177800021333
50,0.5,complete,2.0,8,50,11,5.07875816993464
75,0.75,barabasi_albert,5.0,9,500,11,4.902752293577982
50,0.25,erdos_renyi,5.0,8,50,4,1.9431872760851487
25,0.5,erdos_renyi,1.0,4,100,51,20.254420230444275
25,0.99,complete,10.0,2,1000,51,22.884175084175084
50,0.1,barabasi_albert,5.0,5,1000,11,3.9888888888888894
100,0.25,erdos_renyi,5.0,3,100,501,218.19508824729706
50,0.9,erdos_renyi,5.0,2,500,11,5.0995406623859285
25,0.75,complete,10.0,7,200,101,43.769777777777776
25,0.25,erdos_renyi,2.0,5,1000,4,1.7961968200150327
50,0.1,complete,10.0,5,500,11,5.020491803278688
100,0.99,erdos_renyi,5.0,9,100,51,24.56430896223
100,0.5,complete,5.0,6,200,101,46.74218181818182
90,0.99,barabasi_albert,5.0,9,50,51,21.688505747126435
75,0.9,barabasi_albert,5.0,3,50,51,19.019083969465647
100,0.99,complete,5.0,4,50,4,1.949755102040816
50,0.9,complete,10.0,4,1000,4,1.950635208711434
50,0.5,barabasi_albert,10.0,5,50,4,1.9125000000000003
10,0.25,barabasi_albert,10.0,8,1000,4,1.55
100,0.1,erdos_renyi,5.0,4,500,101,40.15473427408596
50,0.5,complete,5.0,8,500,4,1.937581699346405
100,0.9,erdos_renyi,5.0,10,200,101,48.68474180389263
50,0.75,barabasi_albert,2.0,3,1000,101,37.27777777777778
50,0.5,erdos_renyi,1.0,7,100,11,4.961471679263594
10,0.1,barabasi_albert,5.0,7,500,101,15.3
25,0.5,erdos_renyi,2.0,6,200,11,4.685863970216358
75,0.5,complete,5.0,2,200,51,23.447440519105985
75,0.99,erdos_renyi,2.0,8,500,4,1.9408339825992542
100,0.1,erdos_renyi,2.0,9,1000,101,44.21941850784574
25,0.99,complete,10.0,4,100,101,43.36026936026936
50,0.9,erdos_renyi,1.0,9,200,51,23.862070966475912
90,0.75,barabasi_albert,1.0,9,100,51,19.861363636363638
10,0.1,erdos_renyi,1.0,7,500,51,8.478333333333332
75,0.9,complete,10.0,9,50,101,48.1100120144173
10,0.25,erdos_renyi,5.0,10,100,501,163.7575674325674
50,0.75,erdos_renyi,10.0,3,50,501,225.2120728510722
50,0.25,erdos_renyi,5.0,7,200,4,1.933000395352637
10,0.99,erdos_renyi,10.0,7,500,501,197.95607352595727
100,0.75,barabasi_albert,5.0,4,200,501,172.7591836734694
50,0.5,complete,2.0,3,1000,101,43.798856209150316
90,0.1,barabasi_albert,2.0,2,1000,51,14.847058823529409
25,0.75,complete,5.0,6,50,101,43.70755555555555
10,0.5,barabasi_albert,0.75,5,1000,4,1.5
10,0.1,erdos_renyi,2.0,5,50,4,1.6616666666666666
10,0.25,erdos_renyi,5.0,3,50,51,15.362164224664221
90,0.75,erdos_renyi,1.0,5,50,51,23.748667707843403
90,0.5,erdos_renyi,0.75,3,50,51,23.063083887905584
90,0.5,barabasi_albert,5.0,3,50,51,17.831818181818182
10,0.25,barabasi_albert,0.75,8,50,4,1.6
10,0.99,complete,10.0,6,200,11,4.868181818181818
25,0.75,barabasi_albert,0.75,3,500,51,17.126470588235296
10,0.75,erdos_renyi,5.0,4,100,501,184.3526717705655
10,0.1,erdos_renyi,5.0,10,50,11,3.6421428571428565
90,0.75,barabasi_albert,0.75,3,50,4,1.7075757575757577
25,0.9,complete,2.0,5,50,51,22.242592592592594
25,0.75,complete,2.0,2,100,4,1.832888888888889
75,0.75,complete,10.0,7,50,51,23.949687650168187
90,0.1,barabasi_albert,1.0,10,200,51,14.329411764705885
90,0.25,barabasi_albert,5.0,8,200,51,18.55227272727273
50,0.9,barabasi_albert,0.75,2,200,11,4.424418604651163
90,0.99,erdos_renyi,5.0,10,1000,101,48.60282173451811
25,0.99,erdos_renyi,0.75,4,200,11,4.7866727987380795
10,0.9,erdos_renyi,2.0,8,100,101,38.22752296235138
50,0.75,erdos_renyi,0.75,6,200,4,1.8681088681133944
50,0.75,barabasi_albert,5.0,8,50,4,1.890277777777778
100,0.99,barabasi_albert,5.0,3,500,501,190.04845360824743
50,0.9,erdos_renyi,10.0,8,50,101,46.87212257329783
75,0.99,barabasi_albert,10.0,10,100,11,5.202083333333333
100,0.9,barabasi_albert,0.75,3,200,51,19.063636363636363
50,0.75,complete,5.0,5,500,101,45.074400871459694
100,0.25,erdos_renyi,2.0,4,50,101,44.25971440624932
90,0.5,barabasi_albert,10.0,4,50,101,34.7
25,0.1,barabasi_albert,2.0,6,200,51,11.925
90,0.1,erdos_renyi,5.0,9,200,4,1.9366929788050247
75,0.99,erdos_renyi,1.0,8,100,51,24.23073591362463
10,0.1,erdos_renyi,10.0,2,1000,51,15.674761904761903
90,0.9,erdos_renyi,5.0,2,100,51,24.132518326195502
10,0.1,complete,2.0,4,100,501,109.35
25,0.9,erdos_renyi,5.0,5,1000,4,1.9053507250005786
10,0.9,barabasi_albert,5.0,8,200,11,4.592857142857143
25,0.25,complete,0.75,9,1000,4,1.757333333333333
25,0.1,erdos_renyi,10.0,10,50,101,39.322131236006946
10,0.75,barabasi_albert,0.75,9,100,11,3.7583333333333337
25,0.99,barabasi_albert,5.0,6,100,51,19.648888888888887
90,0.99,barabasi_albert,1.0,9,500,51,20.805747126436778
90,0.5,erdos_renyi,5.0,7,200,4,1.95588260094616
75,0.75,barabasi_albert,0.75,8,1000,51,19.1
10,0.5,erdos_renyi,5.0,7,1000,11,4.416106383107527
75,0.5,complete,0.75,4,200,51,22.862653208363376
10,0.25,complete,5.0,7,200,4,1.7727272727272727
50,0.75,erdos_renyi,10.0,9,100,101,47.198321643207585
50,0.5,barabasi_albert,0.75,6,100,11,3.9604166666666663
75,0.9,erdos_renyi,2.0,2,500,101,47.800922631214206
100,0.99,barabasi_albert,5.0,7,1000,501,190.3783505154639
50,0.75,barabasi_albert,10.0,7,100,101,38.8625
50,0.1,barabasi_albert,1.0,3,1000,101,29.800000000000004
10,0.1,barabasi_albert,5.0,9,500,501,95.3
50,0.1,barabasi_albert,10.0,10,50,101,36.388888888888886
50,0.25,erdos_renyi,1.0,6,500,101,42.18001527171616
100,0.75,complete,0.75,5,100,4,1.9112338362068968
25,0.99,barabasi_albert,5.0,4,50,101,35.85555555555555
90,0.1,barabasi_albert,10.0,8,100,101,33.26470588235294
25,0.99,erdos_renyi,5.0,9,100,51,23.033492409888527
25,0.25,complete,2.0,8,50,4,1.8520000000000003
90,0.99,barabasi_albert,10.0,3,100,4,1.9172413793103444
10,0.1,erdos_renyi,5.0,2,1000,11,3.421190476190476
90,0.25,complete,0.75,6,50,4,1.857142857142857
100,0.99,complete,5.0,8,500,101,48.435163265306116
75,0.5,erdos_renyi,5.0,7,100,51,23.370007244262855
10,0.5,barabasi_albert,2.0,10,100,501,139.6375
50,0.1,erdos_renyi,1.0,5,100,51,18.820188499304145
100,0.25,barabasi_albert,0.75,7,200,11,3.7693877551020405
25,0.75,erdos_renyi,5.0,8,1000,11,4.979220081504034
25,0.5,barabasi_albert,2.0,7,500,501,136.41304347826085
100,0.75,erdos_renyi,10.0,8,50,51,24.345066165351263
50,0.25,erdos_renyi,0.75,3,100,51,21.176134101476134
50,0.1,complete,0.75,5,50,101,37.64508196721311
75,0.1,complete,0.75,10,200,51,21.836823104693142
50,0.9,barabasi_albert,1.0,4,50,4,1.719767441860465
75,0.1,barabasi_albert,1.0,5,100,4,1.6857142857142857
25,0.99,barabasi_albert,0.75,6,50,101,36.135555555555555
100,0.25,erdos_renyi,5.0,6,50,4,1.9472509036438321
25,0.9,erdos_renyi,1.0,8,100,11,4.971409142866791
75,0.1,complete,0.75,3,200,51,20.026714801444047
90,0.75,erdos_renyi,2.0,2,200,4,1.9179628990837252
100,0.75,complete,10.0,3,1000,4,1.9627155172413793
90,0.5,barabasi_albert,5.0,6,50,501,167.22613636363636
75,0.5,barabasi_albert,2.0,5,500,11,4.353424657534246
25,0.9,erdos_renyi,2.0,2,200,101,45.59713357499147
10,0.5,complete,0.75,2,200,101,41.03181818181819
75,0.25,erdos_renyi,0.75,7,100,51,22.792994254788972
10,0.1,barabasi_albert,2.0,9,100,501,114.0
25,0.25,barabasi_albert,0.75,7,500,4,1.5454545454545454
90,0.99,complete,1.0,7,100,4,1.9317103935418767
100,0.5,barabasi_albert,10.0,3,50,501,175.6275510204082
10,0.9,complete,5.0,6,200,11,4.68
100,0.25,erdos_renyi,2.0,7,200,4,1.9144786289803637
25,0.1,barabasi_albert,2.0,6,1000,101,18.2
100,0.5,erdos_renyi,5.0,3,1000,4,1.93074203037595
100,0.75,barabasi_albert,10.0,7,200,501,188.38503401360543
25,0.25,barabasi_albert,10.0,5,50,4,1.7454545454545456
50,0.25,erdos_renyi,5.0,2,100,4,1.9003408469058567
10,0.1,complete,0.75,2,200,4,1.35
50,0.5,erdos_renyi,10.0,7,1000,51,23.044106805558556
75,0.25,erdos_renyi,2.0,7,1000,101,44.32650357167963
50,0.5,barabasi_albert,10.0,3,500,4,1.8625
75,0.99,complete,5.0,7,1000,4,1.949399344739716
50,0.9,erdos_renyi,5.0,8,50,51,23.75836423955489
75,0.75,complete,1.0,7,1000,11,5.173762614127823
50,0.99,barabasi_albert,0.75,4,200,51,18.687368421052632
75,0.9,barabasi_albert,5.0,10,500,101,41.75648854961832
25,0.25,barabasi_albert,10.0,7,1000,501,132.5090909090909
75,0.1,erdos_renyi,1.0,7,200,4,1.8229024029344252
10,0.9,erdos_renyi,1.0,3,200,11,4.501683179832641
90,0.5,erdos_renyi,1.0,9,100,51,24.105069895965098
10,0.5,complete,5.0,8,1000,501,159.59545454545452
75,0.9,barabasi_albert,10.0,3,200,11,4.967938931297711
25,0.99,erdos_renyi,10.0,3,1000,51,21.90509402691006
10,0.25,barabasi_albert,2.0,6,200,101,26.975
25,0.75,complete,1.0,10,100,11,4.995111111111111
75,0.25,complete,0.75,7,100,11,4.970851370851371
100,0.5,barabasi_albert,10.0,10,500,4,1.9051020408163264
10,0.99,erdos_renyi,5.0,4,100,11,4.652443035001175
10,0.75,complete,2.0,8,500,101,38.40606060606061
75,0.99,erdos_renyi,5.0,8,50,11,5.2687684157070205
90,0.9,barabasi_albert,2.0,4,1000,11,4.460126582278481
25,0.99,erdos_renyi,1.0,4,1000,101,42.99062246853046
10,0.1,complete,5.0,9,200,501,95.55
25,0.1,complete,0.75,3,200,101,31.046666666666663
10,0.9,barabasi_albert,10.0,5,500,501,164.18571428571425
100,0.5,erdos_renyi,10.0,10,50,4,1.9766454370329676
25,0.5,barabasi_albert,5.0,10,1000,11,4.534782608695652
90,0.1,barabasi_albert,0.75,10,50,4,1.7176470588235293
10,0.1,complete,0.75,7,100,4,1.5
25,0.5,erdos_renyi,2.0,10,50,51,22.79067441337445
90,0.9,complete,0.25,8,200,501,248.3309378468369
50,0.25,complete,0.9,2,100,501,223.7545751633987
75,0.25,complete,0.9,5,50,501,230.39855699855698
90,0.25,erdos_renyi,0.99,9,1000,501,233.6558360606752
90,0.9,erdos_renyi,0.25,9,50,11,5.4392526871492555
25,0.1,complete,0.25,6,1000,501,221.69666666666666
25,0.1,erdos_renyi,0.75,2,1000,11,4.600767262132444
25,0.1,barabasi_albert,0.1,6,500,4,1.7
25,0.99,barabasi_albert,0.25,10,200,4,1.8800000000000001
25,0.75,erdos_renyi,0.5,6,200,51,24.264530459476862
75,0.5,barabasi_albert,0.9,9,1000,101,41.66438356164383
90,0.25,complete,0.9,6,50,51,23.790009990009988
100,0.99,erdos_renyi,0.99,8,100,51,24.772970342250694
90,0.25,barabasi_albert,0.9,10,50,101,40.60454545454545
50,0.99,complete,0.9,9,200,4,1.9381188118811885
75,0.99,barabasi_albert,0.75,3,50,51,22.293055555555558
50,0.9,complete,0.75,2,500,11,5.316243194192377
100,0.5,complete,0.99,5,1000,11,5.143676767676768
75,0.25,barabasi_albert,0.5,3,500,101,42.94166666666667
10,0.99,erdos_renyi,0.9,6,200,4,1.7848989898989902
90,0.25,erdos_renyi,0.75,5,500,501,237.61131551812278
25,0.1,barabasi_albert,0.1,7,100,51,19.725
10,0.75,barabasi_albert,0.9,9,1000,11,4.108333333333333
90,0.99,complete,0.9,8,100,4,1.9588546922300707
100,0.1,barabasi_albert,0.5,7,50,101,40.636842105263156
90,0.5,barabasi_albert,0.75,10,100,4,1.7818181818181817
75,0.5,barabasi_albert,0.25,4,500,4,1.9246575342465753
10,0.75,barabasi_albert,0.99,5,200,4,1.425
10,0.5,barabasi_albert,0.1,3,50,501,240.25
100,0.25,erdos_renyi,0.99,5,100,4,1.8396052152998226
25,0.25,barabasi_albert,0.75,8,100,51,19.754545454545458
25,0.9,barabasi_albert,0.1,3,100,11,5.4609756097560975
90,0.99,barabasi_albert,0.99,10,200,11,4.831609195402298
50,0.1,complete,0.25,4,200,51,24.377868852459017
90,0.99,complete,0.9,2,500,501,240.87747225025223
