num_agents,edge_density,graph_type,dsa_threshold,num_actions,num_iterations,cost_range,y
90,0.5,barabasi_albert,0.9,7,100,101,37.31818181818182
90,0.75,barabasi_albert,0.75,2,1000,501,200.50757575757575
25,0.75,barabasi_albert,0.5,9,100,501,193.64705882352942
10,0.9,erdos_renyi,0.9,9,50,11,4.024390243902439
50,0.5,erdos_renyi,0.75,9,200,51,23.38050314465409
50,0.99,erdos_renyi,0.75,5,50,101,47.841714756801316
100,0.5,complete,0.9,4,200,51,23.556363636363635
50,0.1,complete,0.1,2,500,51,26.672131147540984
25,0.75,complete,0.5,9,1000,51,22.137777777777778
10,0.1,complete,0.9,4,500,501,94.0
90,0.9,barabasi_albert,0.75,5,200,4,1.620253164556962
75,0.1,erdos_renyi,0.25,5,500,501,226.91071428571428
75,0.25,complete,0.1,5,200,501,238.08080808080808
90,0.99,complete,0.5,2,1000,101,48.640010090817356
75,0.1,barabasi_albert,0.5,10,50,501,161.0
100,0.75,complete,0.75,3,1000,101,47.86557112068966
10,0.25,barabasi_albert,0.9,3,50,501,77.75
90,0.1,complete,0.9,7,500,4,1.74
50,0.1,barabasi_albert,0.9,9,1000,51,4.777777777777778
10,0.5,erdos_renyi,0.1,5,50,11,4.72
100,0.5,complete,0.99,7,1000,501,232.82787878787877
75,0.99,barabasi_albert,0.99,7,100,4,1.4722222222222223
25,0.75,erdos_renyi,0.1,7,1000,11,4.942982456140351
50,0.99,erdos_renyi,0.5,10,200,101,47.541940789473685
100,0.1,erdos_renyi,0.9,9,50,101,45.646808510638294
10,0.1,erdos_renyi,0.1,9,200,11,1.0
100,0.9,barabasi_albert,0.99,6,1000,11,4.090909090909091
25,0.75,complete,0.5,2,200,101,45.48444444444444
75,0.1,erdos_renyi,0.1,7,200,51,23.486577181208055
10,0.9,complete,0.5,5,200,501,178.325
50,0.25,barabasi_albert,0.1,7,1000,501,169.79166666666666
50,0.25,erdos_renyi,0.99,5,100,11,4.741935483870968
25,0.75,barabasi_albert,0.1,3,1000,4,1.6176470588235294
25,0.1,barabasi_albert,0.1,8,200,4,1.0
25,0.5,barabasi_albert,0.9,5,1000,51,11.869565217391305
25,0.1,barabasi_albert,0.25,5,500,501,80.0
25,0.25,erdos_renyi,0.5,3,200,101,39.75
90,0.99,erdos_renyi,0.99,2,100,11,5.184183931278423
10,0.5,barabasi_albert,0.5,6,50,51,15.375
100,0.5,complete,0.1,2,500,4,1.9987878787878788
100,0.75,barabasi_albert,0.25,5,500,11,4.714285714285714
100,0.75,erdos_renyi,0.25,10,100,51,24.86399563913873
10,0.25,barabasi_albert,0.75,7,100,51,6.75
100,0.1,erdos_renyi,0.5,4,1000,51,22.820717131474105
25,0.99,complete,0.1,9,50,11,5.03030303030303
75,0.9,erdos_renyi,0.5,3,50,501,245.29963606955116
50,0.1,complete,0.5,4,50,101,40.65573770491803
25,0.9,complete,0.9,10,100,4,1.8222222222222222
25,0.1,barabasi_albert,0.5,9,500,101,13.75
90,0.25,barabasi_albert,0.75,8,200,11,3.909090909090909
10,0.9,erdos_renyi,0.25,5,500,101,37.81818181818182
10,0.25,barabasi_albert,0.5,3,1000,101,10.5
50,0.25,complete,0.25,10,500,101,45.509803921568626
50,0.25,erdos_renyi,0.1,5,50,51,23.11764705882353
50,0.25,erdos_renyi,0.75,7,1000,51,21.4
25,0.5,barabasi_albert,0.75,10,1000,501,133.43478260869566
25,0.99,complete,0.1,4,200,11,5.1447811447811445
75,0.9,erdos_renyi,0.1,4,500,501,244.4277132559071
10,0.75,complete,0.25,5,1000,11,3.8181818181818183
75,0.75,complete,0.75,4,200,101,47.99086977414704
100,0.5,erdos_renyi,0.25,4,100,501,241.16369401506142
75,0.25,barabasi_albert,0.25,4,200,4,1.5555555555555556
10,0.9,complete,0.9,5,500,51,16.575
50,0.1,barabasi_albert,0.9,6,100,501,91.22222222222223
100,0.25,complete,0.5,5,100,501,236.34761519805983
75,0.5,complete,0.9,6,500,501,229.4816149963951
75,0.75,barabasi_albert,0.99,9,100,101,37.87155963302752
25,0.75,complete,0.1,3,100,4,1.9111111111111112
25,0.75,complete,0.5,5,1000,101,42.66222222222222
25,0.25,erdos_renyi,0.75,10,1000,4,1.59375
25,0.1,erdos_renyi,0.99,7,1000,101,23.958333333333332
75,0.75,complete,0.5,7,200,501,240.82508409418548
10,0.25,erdos_renyi,0.99,8,1000,101,13.083333333333334
75,0.75,erdos_renyi,0.5,6,200,51,24.526290630975144
100,0.75,barabasi_albert,0.25,3,1000,11,4.687074829931973
25,0.99,complete,0.1,7,50,4,1.8855218855218856
25,0.99,barabasi_albert,0.99,6,1000,101,28.31111111111111
50,0.25,complete,0.9,5,50,101,42.052287581699346
75,0.75,erdos_renyi,0.9,7,200,101,47.52991452991453
75,0.1,complete,0.5,8,500,4,1.8014440433212997
50,0.1,complete,0.99,9,100,501,194.4262295081967
25,0.75,barabasi_albert,0.9,8,1000,501,151.38235294117646
90,0.75,barabasi_albert,0.5,8,1000,4,1.7272727272727273
10,0.5,barabasi_albert,0.25,8,500,4,1.125
50,0.9,erdos_renyi,0.5,4,1000,11,5.13247470101196
25,0.9,erdos_renyi,0.9,2,50,501,223.86446886446888
10,0.1,erdos_renyi,0.1,4,1000,101,9.0
25,0.99,barabasi_albert,0.99,2,1000,501,182.15555555555557
10,0.75,barabasi_albert,0.25,10,1000,101,24.583333333333332
90,0.1,complete,0.1,4,100,101,47.9225
100,0.25,barabasi_albert,0.9,7,100,501,176.3469387755102
50,0.99,erdos_renyi,0.1,4,200,101,48.286650286650286
50,0.99,barabasi_albert,0.99,4,200,51,15.91578947368421
90,0.75,erdos_renyi,0.25,4,50,11,5.348525469168901
50,0.75,barabasi_albert,0.99,6,500,101,31.208333333333332
50,0.1,barabasi_albert,0.25,9,50,11,3.2222222222222223
50,0.75,complete,0.99,9,200,51,23.449891067538125
50,0.75,erdos_renyi,0.9,8,100,101,46.608315098468275
100,0.25,complete,0.1,8,500,501,239.35489086499595
100,0.1,barabasi_albert,0.75,8,200,11,2.526315789473684
75,0.75,barabasi_albert,0.5,2,500,501,210.29357798165137
50,0.1,barabasi_albert,0.9,10,50,501,135.88888888888889
10,0.75,erdos_renyi,0.99,10,100,51,18.264705882352942
10,0.9,barabasi_albert,0.1,5,200,51,16.857142857142858
50,0.25,complete,0.9,2,50,101,42.30392156862745
25,0.25,erdos_renyi,0.9,10,100,101,38.705128205128204
10,0.99,barabasi_albert,0.99,6,500,101,23.066666666666666
75,0.1,erdos_renyi,0.75,9,500,501,207.33333333333334
25,0.25,erdos_renyi,0.25,3,100,101,43.7125
90,0.75,barabasi_albert,0.25,8,200,51,21.37121212121212
50,0.5,complete,0.99,6,50,501,222.4346405228758
50,0.9,erdos_renyi,0.25,10,100,501,237.80578139114724
50,0.99,erdos_renyi,0.1,8,500,11,5.275206611570248
50,0.9,barabasi_albert,0.5,8,200,11,4.313953488372093
100,0.9,erdos_renyi,0.5,3,200,501,243.54780071813286
90,0.1,erdos_renyi,0.75,7,200,51,22.27751196172249
10,0.99,barabasi_albert,0.99,8,1000,101,23.2
10,0.1,erdos_renyi,0.1,9,50,501,146.2
75,0.1,barabasi_albert,0.75,8,200,11,3.142857142857143
100,0.9,barabasi_albert,0.5,5,50,4,1.8068181818181819
75,0.9,barabasi_albert,0.1,2,200,11,5.595419847328245
25,0.75,barabasi_albert,0.5,7,1000,4,1.4411764705882353
10,0.1,barabasi_albert,0.9,7,100,11,1.0
50,0.75,barabasi_albert,0.99,9,1000,101,31.34722222222222
25,0.9,complete,0.5,4,100,11,5.022222222222222
25,0.9,complete,0.5,6,1000,11,4.9222222222222225
90,0.1,barabasi_albert,0.9,3,200,501,129.35294117647058
75,0.75,complete,0.9,8,100,501,234.3959634790966
100,0.1,barabasi_albert,0.1,2,200,11,5.578947368421052
50,0.1,complete,0.5,10,50,501,221.63114754098362
100,0.75,erdos_renyi,0.1,7,1000,51,24.742802824551873
25,0.5,complete,0.1,4,200,4,1.8333333333333333
75,0.9,complete,0.25,10,500,51,24.6031237484982
75,0.99,barabasi_albert,0.25,4,1000,501,216.77777777777777
25,0.99,barabasi_albert,0.25,2,500,51,22.355555555555554
10,0.9,barabasi_albert,0.9,6,50,11,3.142857142857143
90,0.99,complete,0.25,6,1000,501,241.82467204843593
10,0.99,complete,0.25,8,50,501,214.9090909090909
100,0.75,complete,0.9,3,50,51,24.013739224137932
25,0.1,complete,0.1,10,500,51,17.966666666666665
75,0.25,barabasi_albert,0.99,7,500,501,142.02777777777777
50,0.1,barabasi_albert,0.5,6,1000,51,11.777777777777779
50,0.75,complete,0.75,3,200,4,1.8758169934640523
50,0.99,erdos_renyi,0.9,9,200,501,233.37098103874692
90,0.99,erdos_renyi,0.99,7,50,101,47.62852822580645
90,0.75,barabasi_albert,0.5,5,200,4,1.7196969696969697
10,0.25,barabasi_albert,0.75,9,50,101,18.0
25,0.1,erdos_renyi,0.5,2,100,11,4.318181818181818
25,0.5,barabasi_albert,0.25,9,200,4,1.608695652173913
90,0.75,barabasi_albert,0.25,6,500,11,4.818181818181818
100,0.5,erdos_renyi,0.75,8,500,11,5.229454841334419
90,0.1,erdos_renyi,0.25,7,100,11,5.089041095890411
100,0.9,erdos_renyi,0.9,10,1000,11,5.269730941704036
100,0.5,erdos_renyi,0.75,2,50,4,1.9482477587612061
90,0.5,complete,0.75,5,100,501,235.84415584415584
75,0.9,complete,0.75,4,50,101,48.20824989987985
75,0.99,barabasi_albert,0.5,4,200,101,43.520833333333336
25,0.75,erdos_renyi,0.5,3,200,101,42.47488584474886
50,0.5,erdos_renyi,0.99,6,500,501,217.491961414791
100,0.5,barabasi_albert,0.99,10,50,4,1.4591836734693877
50,0.5,complete,0.25,9,100,101,47.44117647058823
25,0.99,erdos_renyi,0.1,2,100,101,49.64666666666667
90,0.5,erdos_renyi,0.1,7,100,101,48.7685631629701
100,0.75,complete,0.25,6,1000,501,242.8135775862069
90,0.1,barabasi_albert,0.75,9,1000,101,22.823529411764707
10,0.9,barabasi_albert,0.99,8,100,101,30.357142857142858
90,0.25,erdos_renyi,0.99,8,500,101,44.242063492063494
50,0.1,erdos_renyi,0.1,2,1000,4,2.007575757575758
100,0.25,barabasi_albert,0.75,6,1000,501,165.42857142857142
90,0.1,erdos_renyi,0.99,9,50,11,4.767015706806283
10,0.25,complete,0.25,3,200,11,3.909090909090909
50,0.99,erdos_renyi,0.5,4,50,101,48.774299835255356
10,0.1,complete,0.5,9,500,4,1.0
50,0.5,erdos_renyi,0.25,8,100,11,5.107744107744108
90,0.1,erdos_renyi,0.99,2,200,101,41.98444444444444
75,0.25,erdos_renyi,0.99,4,1000,501,204.63356643356644
10,0.1,erdos_renyi,0.9,4,50,51,13.285714285714286
50,0.99,complete,0.5,5,500,101,47.382013201320134
10,0.25,erdos_renyi,0.1,5,500,4,1.5625
75,0.5,complete,0.25,6,50,101,48.927180966113916
10,0.1,complete,0.9,10,500,101,3.0
75,0.5,barabasi_albert,0.5,5,100,11,4.383561643835616
25,0.9,erdos_renyi,0.99,4,500,11,4.283636363636363
100,0.25,barabasi_albert,0.25,2,500,11,5.3061224489795915
25,0.25,barabasi_albert,0.5,9,200,51,13.272727272727273
25,0.25,barabasi_albert,0.1,4,1000,4,1.3636363636363635
25,0.5,erdos_renyi,0.1,9,500,501,215.21428571428572
90,0.75,barabasi_albert,0.99,7,1000,101,38.29545454545455
25,0.5,complete,0.75,8,50,51,22.393333333333334
90,0.75,barabasi_albert,0.25,6,50,51,22.022727272727273
75,0.1,barabasi_albert,0.1,3,1000,101,27.642857142857142
10,0.9,barabasi_albert,0.25,7,1000,101,25.0
100,0.99,barabasi_albert,0.1,10,1000,51,22.072164948453608
75,0.99,complete,0.5,7,1000,11,5.283218056061157
100,0.25,complete,0.25,6,200,51,24.33468067906225
25,0.75,complete,0.5,4,500,101,43.42666666666667
25,0.25,barabasi_albert,0.1,2,100,11,4.454545454545454
25,0.9,complete,0.9,6,100,4,1.7962962962962963
75,0.5,complete,0.9,4,500,501,226.54866618601298
90,0.75,barabasi_albert,0.99,10,1000,4,1.5454545454545454
75,0.75,barabasi_albert,0.99,3,50,101,35.174311926605505
10,0.5,barabasi_albert,0.75,2,50,11,4.75
75,0.99,erdos_renyi,0.75,3,1000,11,5.243184296619411
25,0.75,erdos_renyi,0.9,2,200,4,1.8305084745762712
90,0.75,complete,0.75,5,50,501,238.12720612720614
10,0.9,barabasi_albert,0.5,2,200,51,18.0
25,0.25,erdos_renyi,0.1,3,500,101,42.329268292682926
50,0.99,erdos_renyi,0.1,10,200,501,239.54439834024896
100,0.75,barabasi_albert,0.1,9,500,51,21.843537414965986
75,0.99,barabasi_albert,0.5,7,100,11,4.826388888888889
50,0.1,barabasi_albert,0.5,2,50,51,17.555555555555557
90,0.99,erdos_renyi,0.5,9,50,501,242.50667338201964
25,0.1,erdos_renyi,0.9,7,1000,51,14.34375
25,0.9,erdos_renyi,0.75,10,1000,101,44.20532319391635
50,0.75,barabasi_albert,0.99,8,500,101,32.15277777777778
25,0.99,barabasi_albert,0.9,4,200,11,3.7777777777777777
25,0.5,barabasi_albert,0.9,2,200,4,1.391304347826087
90,0.75,complete,0.1,5,100,11,5.4015984015984015
75,0.1,erdos_renyi,0.25,5,1000,501,222.31386861313868
75,0.75,complete,0.25,7,1000,101,48.401729937530035
90,0.25,barabasi_albert,0.1,9,200,51,17.704545454545453
90,0.5,barabasi_albert,0.99,2,1000,4,1.5681818181818181
10,0.9,barabasi_albert,0.5,5,500,4,1.4285714285714286
90,0.99,erdos_renyi,0.5,8,1000,4,1.9426912395859632
100,0.25,erdos_renyi,0.99,6,1000,11,4.8802992518703245
100,0.75,erdos_renyi,0.9,10,50,4,1.9427041499330655
10,0.5,erdos_renyi,0.9,6,1000,101,26.05263157894737
25,0.75,barabasi_albert,0.5,9,1000,51,16.58823529411765
90,0.1,barabasi_albert,0.9,6,50,4,1.3529411764705883
100,0.5,barabasi_albert,0.5,4,200,101,40.03061224489796
100,0.1,erdos_renyi,0.1,10,200,101,46.63983903420523
25,0.25,erdos_renyi,0.5,7,1000,501,188.8181818181818
10,0.1,barabasi_albert,0.75,4,100,101,2.0
25,0.75,erdos_renyi,0.5,2,500,4,1.8770491803278688
50,0.9,complete,0.5,6,50,101,48.439201451905625
50,0.25,complete,0.9,5,200,11,4.647058823529412
10,0.99,erdos_renyi,0.75,9,1000,11,3.7111111111111112
100,0.99,barabasi_albert,0.75,7,1000,11,4.587628865979381
75,0.9,barabasi_albert,0.5,2,100,51,22.435114503816795
90,0.25,erdos_renyi,0.5,10,1000,101,47.02044989775051
50,0.1,erdos_renyi,0.9,6,200,501,179.6315789473684
50,0.9,barabasi_albert,0.1,2,50,51,27.011627906976745
75,0.5,barabasi_albert,0.99,4,1000,501,152.34246575342465
100,0.99,erdos_renyi,0.9,7,500,11,5.259380097879283
90,0.9,complete,0.1,9,1000,51,24.72641509433962
25,0.75,complete,0.5,3,200,101,44.266666666666666
10,0.25,complete,0.75,9,1000,4,1.1818181818181819
25,0.9,erdos_renyi,0.75,7,500,4,1.7969924812030076
25,0.9,erdos_renyi,0.75,5,200,501,203.98091603053436
100,0.99,barabasi_albert,0.25,10,200,4,1.8350515463917525
50,0.99,barabasi_albert,0.1,2,200,101,51.126315789473686
50,0.5,barabasi_albert,0.9,5,1000,11,3.6458333333333335
50,0.1,barabasi_albert,0.99,10,100,501,156.11111111111111
50,0.25,barabasi_albert,0.99,4,50,4,1.5416666666666667
75,0.9,barabasi_albert,0.5,7,100,11,4.595419847328245
25,0.75,complete,0.5,2,100,4,1.8844444444444444
25,0.9,barabasi_albert,0.75,9,500,51,17.926829268292682
10,0.25,complete,0.9,2,200,51,12.545454545454545
100,0.5,erdos_renyi,0.25,8,200,501,241.87576875768758
100,0.1,erdos_renyi,0.5,3,200,4,1.8373101952277657
10,0.99,complete,0.5,6,100,4,1.6590909090909092
75,0.9,complete,0.99,9,500,501,234.1698037645174
25,0.9,erdos_renyi,0.75,5,1000,501,214.87878787878788
75,0.99,complete,0.25,8,1000,51,24.499453949763378
100,0.25,barabasi_albert,0.5,7,50,101,40.08163265306123
75,0.1,erdos_renyi,0.99,5,1000,11,4.0271317829457365
25,0.75,erdos_renyi,0.99,2,200,101,44.63179916317991
25,0.5,barabasi_albert,0.5,9,50,51,18.130434782608695
10,0.25,barabasi_albert,0.25,10,100,4,1.25
25,0.25,barabasi_albert,0.5,4,500,4,1.3636363636363635
90,0.25,erdos_renyi,0.99,10,500,501,226.31213307240705
10,0.1,complete,0.1,5,500,4,1.0
90,0.1,barabasi_albert,0.1,7,200,11,3.4705882352941178
25,0.25,complete,0.99,9,500,501,181.16
90,0.5,barabasi_albert,0.99,8,500,101,35.80681818181818
90,0.9,complete,0.25,3,1000,11,5.38984461709212
75,0.75,erdos_renyi,0.75,9,1000,501,234.11722141823444
100,0.25,complete,0.9,2,500,11,4.979789814066289
90,0.5,complete,0.5,6,100,501,240.01248751248752
10,0.99,complete,0.9,3,1000,501,189.4090909090909
25,0.9,complete,0.5,4,200,11,5.044444444444444
50,0.25,erdos_renyi,0.25,8,1000,501,221.91612903225806
75,0.1,erdos_renyi,0.1,2,1000,101,50.644444444444446
100,0.75,complete,0.1,10,200,4,1.9625538793103448
25,0.1,complete,0.1,9,500,11,4.2
25,0.99,barabasi_albert,0.75,8,200,51,17.42222222222222
10,0.25,complete,0.75,9,50,51,8.909090909090908
100,0.75,complete,0.9,9,500,51,24.177532327586206
25,0.9,complete,0.5,4,100,4,1.862962962962963
100,0.99,barabasi_albert,0.1,4,500,4,1.8917525773195876
100,0.75,barabasi_albert,0.25,5,1000,51,21.816326530612244
25,0.99,erdos_renyi,0.9,5,100,501,212.22558922558923
10,0.1,complete,0.75,9,100,4,1.0
25,0.25,complete,0.25,9,100,11,4.72
50,0.9,complete,0.75,7,500,11,5.1751361161524505
75,0.75,barabasi_albert,0.5,4,100,11,4.541284403669724
90,0.25,complete,0.99,6,500,501,214.3136863136863
75,0.9,barabasi_albert,0.5,4,100,11,4.740458015267175
90,0.99,barabasi_albert,0.1,6,1000,11,4.85632183908046
90,0.25,barabasi_albert,0.99,10,100,4,1.1818181818181819
75,0.25,complete,0.75,10,100,4,1.8831168831168832
25,0.1,erdos_renyi,0.75,7,500,11,3.40625
25,0.9,complete,0.5,6,200,101,44.074074074074076
25,0.75,erdos_renyi,0.99,7,500,501,211.83870967741936
25,0.1,erdos_renyi,0.99,7,1000,4,1.2285714285714286
90,0.25,barabasi_albert,0.25,5,1000,11,4.045454545454546
10,0.9,erdos_renyi,0.5,3,50,11,4.275
25,0.1,erdos_renyi,0.25,2,100,101,40.5
100,0.1,erdos_renyi,0.25,7,100,101,47.41313559322034
90,0.1,barabasi_albert,0.75,10,1000,4,1.1764705882352942
75,0.75,barabasi_albert,0.99,5,50,4,1.5321100917431192
10,0.5,erdos_renyi,0.1,7,500,11,3.7083333333333335
10,0.75,erdos_renyi,0.25,7,200,51,18.914285714285715
100,0.75,barabasi_albert,0.25,10,100,4,1.816326530612245
50,0.9,barabasi_albert,0.99,3,1000,501,179.41860465116278
10,0.25,barabasi_albert,0.1,9,50,51,13.5
25,0.9,barabasi_albert,0.5,7,50,11,4.121951219512195
90,0.1,complete,0.25,3,500,51,23.555
10,0.9,barabasi_albert,0.99,2,500,11,3.7857142857142856
10,0.75,erdos_renyi,0.99,5,100,101,31.483870967741936
90,0.1,complete,0.9,8,500,4,1.765
100,0.9,barabasi_albert,0.1,4,100,101,48.75
25,0.9,complete,0.1,4,1000,11,5.055555555555555
100,0.9,complete,0.25,4,50,501,245.1452300785634
10,0.99,erdos_renyi,0.5,2,500,11,4.5777777777777775
50,0.25,barabasi_albert,0.1,4,500,501,178.29166666666666
25,0.99,complete,0.25,7,200,101,45.387205387205384
75,0.9,complete,0.5,2,200,51,24.625951141369644
100,0.99,complete,0.5,3,1000,51,24.55530612244898
50,0.5,barabasi_albert,0.25,8,500,4,1.625
90,0.75,complete,0.9,7,50,4,1.9234099234099233
25,0.75,erdos_renyi,0.9,10,1000,101,39.2093023255814
10,0.1,barabasi_albert,0.99,10,200,501,36.0
50,0.99,barabasi_albert,0.25,10,200,501,213.4
90,0.99,complete,0.1,9,1000,101,49.21190716448032
50,0.75,barabasi_albert,0.25,7,500,51,20.40277777777778
10,0.1,barabasi_albert,0.25,3,50,11,2.0
75,0.1,barabasi_albert,0.99,3,50,11,4.0
50,0.1,barabasi_albert,0.9,4,1000,501,102.11111111111111
50,0.1,complete,0.75,6,50,101,41.032786885245905
50,0.99,complete,0.9,4,100,51,23.301155115511552
100,0.5,barabasi_albert,0.99,8,500,51,17.285714285714285
10,0.25,complete,0.1,7,1000,501,119.27272727272727
75,0.1,complete,0.99,5,50,51,20.750902527075812
90,0.99,barabasi_albert,0.75,6,200,51,20.95977011494253
25,0.1,barabasi_albert,0.25,10,50,51,8.0
75,0.75,complete,0.1,8,100,51,24.74291206150889
100,0.75,barabasi_albert,0.1,5,50,11,5.006802721088436
25,0.9,complete,0.1,2,100,4,1.9481481481481482
100,0.75,complete,0.99,10,50,51,24.525592672413794
75,0.99,complete,0.75,3,1000,11,5.207863123407353
75,0.75,barabasi_albert,0.9,3,200,51,19.192660550458715
10,0.99,complete,0.1,2,1000,4,1.9772727272727273
90,0.99,barabasi_albert,0.25,7,200,501,219.95402298850576
100,0.25,erdos_renyi,0.75,8,50,4,1.8950715421303657
25,0.5,complete,0.99,2,500,51,21.486666666666668
75,0.75,complete,0.1,6,500,501,241.43344545891398
25,0.25,barabasi_albert,0.25,10,1000,11,2.909090909090909
90,0.25,barabasi_albert,0.1,3,200,11,4.840909090909091
25,0.25,complete,0.25,6,1000,501,195.84
50,0.1,barabasi_albert,0.5,6,200,51,6.888888888888889
90,0.25,barabasi_albert,0.75,8,500,501,168.70454545454547
10,0.1,complete,0.75,4,50,51,9.0
75,0.99,barabasi_albert,0.75,2,50,11,4.479166666666667
25,0.5,erdos_renyi,0.75,5,200,501,197.57142857142858
100,0.5,erdos_renyi,0.25,2,500,501,250.19064748201438
100,0.9,barabasi_albert,0.99,6,200,501,184.96022727272728
10,0.99,barabasi_albert,0.1,5,50,4,1.2
90,0.5,complete,0.25,6,1000,101,47.561438561438564
75,0.9,barabasi_albert,0.5,10,100,501,220.26717557251908
10,0.1,erdos_renyi,0.99,4,100,4,1.25
90,0.75,erdos_renyi,0.25,6,500,51,24.72465707594513
75,0.1,complete,0.1,10,500,51,23.24548736462094
100,0.99,complete,0.75,10,1000,4,1.9487755102040816
100,0.25,erdos_renyi,0.9,2,100,51,23.491922455573505
50,0.1,barabasi_albert,0.9,2,200,501,166.11111111111111
75,0.75,erdos_renyi,0.75,9,200,101,47.84013605442177
90,0.5,barabasi_albert,0.99,9,1000,51,14.931818181818182
25,0.1,complete,0.5,2,1000,501,160.23333333333332
10,0.1,complete,0.9,7,100,51,4.75
75,0.25,complete,0.5,7,1000,51,23.266955266955268
50,0.75,erdos_renyi,0.25,9,1000,501,235.78236607142858
90,0.9,erdos_renyi,0.99,7,100,101,47.99302844394869
10,0.75,erdos_renyi,0.99,4,500,51,16.575757575757574
75,0.99,barabasi_albert,0.25,4,200,4,1.8472222222222223
50,0.9,barabasi_albert,0.5,3,1000,501,196.47674418604652
90,0.9,barabasi_albert,0.5,8,50,51,21.955696202531644
10,0.5,barabasi_albert,0.99,5,100,501,147.875
90,0.1,barabasi_albert,0.1,5,200,101,35.470588235294116
75,0.75,erdos_renyi,0.1,9,100,51,24.719905213270142
50,0.99,erdos_renyi,0.99,5,1000,101,45.62077493816982
50,0.99,erdos_renyi,0.75,9,500,51,23.855252274607114
100,0.1,barabasi_albert,0.75,6,1000,4,1.2105263157894737
10,0.9,erdos_renyi,0.75,8,1000,4,1.5333333333333334
100,0.9,erdos_renyi,0.9,9,1000,11,5.285102546765833
90,0.75,barabasi_albert,0.75,3,1000,11,4.075757575757576
50,0.5,erdos_renyi,0.5,4,50,101,47.486577181208055
25,0.5,erdos_renyi,0.5,8,1000,501,204.32857142857142
25,0.25,erdos_renyi,0.5,3,50,101,39.73076923076923
100,0.25,barabasi_albert,0.1,9,200,11,4.469387755102041
10,0.25,erdos_renyi,0.9,2,100,4,1.6
75,0.1,erdos_renyi,0.5,3,1000,501,217.01083032490973
90,0.1,erdos_renyi,0.75,9,500,101,44.07310704960835
90,0.25,complete,0.99,5,50,501,222.9030969030969
75,0.99,erdos_renyi,0.9,5,1000,11,5.136876592646524
75,0.1,barabasi_albert,0.9,9,500,4,1.0714285714285714
10,0.25,erdos_renyi,0.9,8,50,51,15.923076923076923
10,0.1,barabasi_albert,0.75,4,500,101,11.0
25,0.25,erdos_renyi,0.99,4,200,4,1.5211267605633803
50,0.99,complete,0.5,4,100,51,23.962871287128714
90,0.75,complete,0.5,2,1000,101,48.815184815184814
90,0.5,complete,0.5,2,100,101,48.58491508491508
90,0.9,barabasi_albert,0.25,4,1000,101,44.25949367088607
10,0.25,erdos_renyi,0.25,2,1000,501,187.6
25,0.1,barabasi_albert,0.99,3,50,11,3.5
90,0.9,complete,0.75,5,500,4,1.9223085460599334
25,0.1,complete,0.99,5,200,101,26.033333333333335
50,0.5,complete,0.99,2,50,51,22.627450980392158
75,0.5,erdos_renyi,0.75,3,200,51,23.966810966810968
75,0.99,erdos_renyi,0.5,3,200,11,5.361415025528811
25,0.9,erdos_renyi,0.9,7,100,11,4.8062015503875966
100,0.9,barabasi_albert,0.1,4,100,4,1.8977272727272727
10,0.25,complete,0.1,2,500,101,29.727272727272727
75,0.99,erdos_renyi,0.1,6,1000,51,24.571065067248274
75,0.25,erdos_renyi,0.1,5,50,51,24.451704545454547
25,0.5,barabasi_albert,0.1,2,100,51,23.130434782608695
100,0.25,barabasi_albert,0.99,2,50,51,18.591836734693878
75,0.9,barabasi_albert,0.5,5,200,501,209.64885496183206
75,0.5,barabasi_albert,0.75,7,100,51,19.205479452054796
25,0.99,erdos_renyi,0.9,8,1000,501,219.11301369863014
100,0.5,barabasi_albert,0.75,9,500,11,4.23469387755102
25,0.25,complete,0.1,10,1000,11,4.386666666666667
25,0.5,barabasi_albert,0.25,7,100,51,17.608695652173914
25,0.5,barabasi_albert,0.99,10,200,501,126.30434782608695
25,0.99,barabasi_albert,0.75,10,50,4,1.4444444444444444
100,0.9,complete,0.75,10,50,101,48.69674523007856
25,0.25,barabasi_albert,0.1,5,50,4,1.3636363636363635
75,0.9,barabasi_albert,0.5,6,200,4,1.7709923664122138
25,0.9,complete,0.75,3,200,101,42.27407407407407
75,0.5,complete,0.1,3,50,51,25.050468637346793
25,0.5,barabasi_albert,0.99,3,200,11,3.608695652173913
75,0.99,barabasi_albert,0.99,5,50,51,18.75
25,0.75,barabasi_albert,0.9,4,50,51,14.088235294117647
25,0.75,complete,0.25,2,50,51,24.11111111111111
10,0.1,complete,0.99,9,50,501,102.25
90,0.75,barabasi_albert,0.75,2,50,51,21.174242424242426
25,0.1,erdos_renyi,0.99,4,50,101,35.69230769230769
75,0.9,barabasi_albert,0.1,5,200,101,45.213740458015266
25,0.1,barabasi_albert,0.9,2,200,51,8.25
10,0.25,erdos_renyi,0.99,6,200,501,122.44444444444444
50,0.5,erdos_renyi,0.99,3,100,51,22.085758039816234
75,0.99,complete,0.9,2,100,4,1.939206406989443
75,0.75,complete,0.9,5,1000,501,230.81114848630466
25,0.75,barabasi_albert,0.9,6,1000,51,11.441176470588236
10,0.1,complete,0.9,4,100,101,16.5
100,0.9,complete,0.1,10,200,51,25.01571268237935
90,0.99,erdos_renyi,0.1,9,50,101,49.34601814516129
75,0.99,erdos_renyi,0.75,4,500,501,238.05702869596803
75,0.75,barabasi_albert,0.99,5,200,11,3.6513761467889907
25,0.99,complete,0.75,9,500,11,4.744107744107744
90,0.1,barabasi_albert,0.75,8,200,101,21.176470588235293
75,0.9,complete,0.5,9,1000,101,48.27553063676412
10,0.9,complete,0.75,10,50,4,1.675
100,0.25,complete,0.1,9,50,51,24.809215844785772
10,0.9,complete,0.25,7,1000,51,17.5
90,0.75,complete,0.99,8,1000,11,5.147186147186147
90,0.9,erdos_renyi,0.25,6,500,501,242.9541816174441
75,0.5,barabasi_albert,0.5,9,200,101,39.178082191780824
10,0.5,erdos_renyi,0.25,5,50,51,16.7
25,0.25,complete,0.9,4,100,101,35.06666666666667
75,0.75,barabasi_albert,0.25,9,50,51,23.027522935779817
100,0.9,complete,0.75,3,1000,101,48.108866442199776
10,0.25,erdos_renyi,0.99,9,500,101,22.0
75,0.75,complete,0.5,9,50,501,241.72176838058627
25,0.5,complete,0.25,10,200,4,1.8466666666666667
10,0.5,barabasi_albert,0.25,9,50,11,3.25
90,0.5,barabasi_albert,0.9,6,50,11,4.045454545454546
100,0.99,complete,0.75,9,500,4,1.9555102040816326
90,0.1,barabasi_albert,0.99,5,50,11,2.7058823529411766
50,0.1,barabasi_albert,0.75,8,200,4,1.1111111111111112
100,0.75,barabasi_albert,0.1,6,1000,4,1.8095238095238095
50,0.99,complete,0.1,2,100,4,2.061056105610561
100,0.99,complete,0.99,8,1000,11,5.244489795918367
50,0.75,complete,0.99,4,100,501,222.60021786492374
25,0.9,complete,0.75,2,200,4,1.8444444444444446
50,0.25,barabasi_albert,0.9,5,1000,11,2.875
100,0.75,barabasi_albert,0.25,8,100,501,210.3673469387755
10,0.9,erdos_renyi,0.1,9,500,4,1.5952380952380953
75,0.1,complete,0.99,8,200,51,21.24187725631769
10,0.5,erdos_renyi,0.25,9,50,11,4.25
75,0.1,complete,0.75,7,200,51,21.794223826714802
75,0.75,barabasi_albert,0.1,6,1000,501,203.954128440367
25,0.1,erdos_renyi,0.25,5,100,101,38.083333333333336
100,0.99,barabasi_albert,0.9,7,500,4,1.5463917525773196
75,0.9,erdos_renyi,0.25,7,50,4,1.9556709265175718
100,0.5,complete,0.25,10,1000,101,48.458585858585856
100,0.75,barabasi_albert,0.75,7,50,4,1.7346938775510203
75,0.5,erdos_renyi,0.25,8,50,101,48.65504720406681
50,0.75,barabasi_albert,0.9,7,1000,4,1.5
75,0.1,erdos_renyi,0.99,5,500,501,192.1259541984733
50,0.1,complete,0.5,3,100,4,1.7622950819672132
100,0.99,erdos_renyi,0.9,4,1000,4,1.9140354451008352
100,0.75,complete,0.9,3,200,4,1.9032866379310345
100,0.1,erdos_renyi,0.99,5,200,11,4.434944237918216
10,0.75,barabasi_albert,0.1,8,200,4,1.3333333333333333
100,0.25,complete,0.25,10,100,101,48.43654001616815
90,0.5,complete,0.25,10,200,501,240.36963036963036
100,0.5,erdos_renyi,0.5,8,1000,101,47.790978654853
10,0.25,complete,0.5,2,100,51,19.818181818181817
10,0.25,erdos_renyi,0.5,8,200,4,1.3529411764705883
75,0.5,erdos_renyi,0.9,2,50,501,232.87491166077737
100,0.1,barabasi_albert,0.5,10,100,101,33.36842105263158
100,0.75,barabasi_albert,0.25,5,500,11,4.843537414965986
75,0.5,erdos_renyi,0.25,5,100,4,1.9511331444759208
25,0.1,complete,0.99,10,50,11,3.3
90,0.1,erdos_renyi,0.1,4,500,51,23.873762376237625
100,0.1,erdos_renyi,0.99,8,50,51,22.24032586558045
25,0.25,erdos_renyi,0.25,4,50,4,1.7792207792207793
100,0.99,complete,0.25,3,1000,11,5.377755102040816
75,0.25,barabasi_albert,0.9,7,500,51,14.777777777777779
75,0.99,barabasi_albert,0.5,7,200,101,43.263888888888886
10,0.1,barabasi_albert,0.25,5,500,101,2.0
100,0.25,erdos_renyi,0.9,2,500,11,5.061904761904762
90,0.99,erdos_renyi,0.75,6,200,4,1.943282077136375
25,0.1,erdos_renyi,0.25,10,100,51,16.53846153846154
90,0.75,erdos_renyi,0.99,2,100,51,24.14546662238459
75,0.1,complete,0.9,7,1000,4,1.7184115523465704
25,0.5,complete,0.9,3,500,51,20.613333333333333
75,0.1,erdos_renyi,0.25,5,100,101,46.6578947368421
10,0.9,complete,0.99,9,500,51,17.025
50,0.5,complete,0.5,7,50,11,5.2140522875816995
25,0.9,barabasi_albert,0.1,8,200,501,189.53658536585365
100,0.9,barabasi_albert,0.99,8,500,101,38.88636363636363
90,0.99,barabasi_albert,0.25,10,50,501,231.38505747126436
50,0.5,barabasi_albert,0.99,2,100,11,3.7916666666666665
10,0.1,erdos_renyi,0.1,10,50,4,1.4
10,0.9,barabasi_albert,0.99,2,200,11,2.9285714285714284
50,0.5,complete,0.1,2,200,4,2.019607843137255
10,0.99,barabasi_albert,0.25,3,100,4,1.6666666666666667
100,0.25,barabasi_albert,0.9,8,100,101,32.38775510204081
75,0.9,barabasi_albert,0.1,7,1000,4,1.7709923664122138
50,0.1,barabasi_albert,0.5,10,200,11,2.5555555555555554
50,0.9,barabasi_albert,0.75,7,500,501,184.3953488372093
75,0.25,complete,0.75,7,1000,4,1.8167388167388168
25,0.25,barabasi_albert,0.5,2,100,11,3.090909090909091
10,0.75,erdos_renyi,0.5,5,500,101,33.12903225806452
25,0.1,complete,0.5,5,100,11,3.966666666666667
100,0.1,erdos_renyi,0.1,6,50,11,5.140845070422535
25,0.75,complete,0.1,8,100,11,5.1066666666666665
50,0.9,complete,0.1,4,50,4,1.9646098003629764
25,0.1,barabasi_albert,0.75,2,100,11,2.75
100,0.9,erdos_renyi,0.25,6,100,4,1.9716662918821677
90,0.9,erdos_renyi,0.75,4,50,501,240.91108641289247
75,0.25,barabasi_albert,0.99,3,50,101,25.333333333333332
100,0.99,barabasi_albert,0.75,5,1000,11,4.510309278350515
75,0.25,barabasi_albert,0.9,4,100,4,1.2777777777777777
90,0.1,complete,0.1,8,100,101,46.87
100,0.5,erdos_renyi,0.5,10,100,101,48.800813008130085
75,0.25,erdos_renyi,0.25,7,500,11,5.1902654867256635
50,0.99,barabasi_albert,0.99,4,500,51,17.568421052631578
90,0.25,barabasi_albert,0.1,7,200,4,1.6818181818181819
90,0.75,barabasi_albert,0.25,7,500,101,40.5
50,0.75,barabasi_albert,0.25,5,50,4,1.75
50,0.75,erdos_renyi,0.99,7,1000,51,22.573643410852714
75,0.99,complete,0.1,6,100,4,1.9650527848562067
50,0.75,complete,0.9,6,1000,101,45.63507625272331
90,0.1,barabasi_albert,0.5,10,100,11,3.588235294117647
75,0.25,barabasi_albert,0.99,7,200,4,1.2777777777777777
90,0.75,barabasi_albert,0.1,2,100,11,5.863636363636363
50,0.75,erdos_renyi,0.25,7,200,11,5.276273022751896
50,0.5,complete,0.9,9,100,11,5.019607843137255
50,0.9,erdos_renyi,0.1,9,100,51,24.586016559337626
25,0.75,complete,0.99,6,500,101,39.15555555555556
100,0.5,barabasi_albert,0.1,9,100,11,4.877551020408164
90,0.1,barabasi_albert,0.75,7,50,101,32.88235294117647
90,0.75,erdos_renyi,0.25,2,200,51,25.5881394591072
25,0.1,complete,0.25,9,1000,51,17.8
10,0.99,barabasi_albert,0.9,7,500,51,13.2
90,0.75,erdos_renyi,0.99,6,1000,51,23.684139784946236
10,0.75,complete,0.5,3,50,51,20.12121212121212
100,0.9,barabasi_albert,0.75,3,100,101,39.35795454545455
10,0.25,erdos_renyi,0.9,5,500,101,19.555555555555557
100,0.75,erdos_renyi,0.5,5,1000,11,5.290880085083755
50,0.1,erdos_renyi,0.1,10,1000,101,40.846774193548384
50,0.1,barabasi_albert,0.1,9,200,4,1.3333333333333333
25,0.25,complete,0.9,5,100,501,182.90666666666667
10,0.9,barabasi_albert,0.99,3,1000,11,2.857142857142857
75,0.5,erdos_renyi,0.5,10,100,51,24.23175965665236
10,0.9,barabasi_albert,0.75,4,100,4,1.2142857142857142
100,0.1,complete,0.5,4,500,51,23.08080808080808
10,0.99,complete,0.25,5,200,4,1.6818181818181819
10,0.25,complete,0.5,2,100,501,177.63636363636363
25,0.5,complete,0.5,9,500,101,42.06
50,0.99,erdos_renyi,0.9,5,500,501,226.85185185185185
75,0.9,complete,0.25,8,1000,101,48.75650780937124
10,0.25,complete,0.99,2,1000,101,31.636363636363637
90,0.1,barabasi_albert,0.5,7,500,501,130.0
25,0.75,complete,0.25,9,200,4,1.84
90,0.99,complete,0.25,7,200,101,49.22250252270434
25,0.5,erdos_renyi,0.99,8,200,11,4.534722222222222
50,0.5,complete,0.1,8,500,501,233.80065359477123
100,0.1,erdos_renyi,0.9,10,100,101,45.66475095785441
25,0.9,barabasi_albert,0.9,5,50,4,1.5365853658536586
50,0.75,complete,0.25,2,200,11,5.4226579520697165
75,0.5,complete,0.9,2,500,4,1.893294881038212
50,0.5,barabasi_albert,0.1,7,500,501,171.1875
50,0.9,barabasi_albert,0.25,8,500,11,4.476744186046512
10,0.25,complete,0.99,9,100,51,11.909090909090908
50,0.75,complete,0.75,2,50,501,237.87908496732027
75,0.1,erdos_renyi,0.9,10,200,501,207.93795620437956
90,0.75,barabasi_albert,0.25,2,1000,51,25.59090909090909
90,0.25,complete,0.1,5,500,51,24.00999000999001
25,0.25,erdos_renyi,0.75,3,200,11,4.2125
50,0.25,barabasi_albert,0.75,7,50,51,15.083333333333334
10,0.25,barabasi_albert,0.1,2,100,501,163.25
100,0.9,complete,0.5,7,200,11,5.32053872053872
50,0.5,complete,0.25,9,1000,4,1.9019607843137254
75,0.9,erdos_renyi,0.25,6,50,51,24.717321571772253
10,0.75,barabasi_albert,0.99,8,500,4,1.1666666666666667
25,0.99,erdos_renyi,0.9,10,50,501,223.96989966555185
25,0.1,barabasi_albert,0.1,9,100,11,1.75
10,0.1,barabasi_albert,0.75,2,100,4,2.0
90,0.5,erdos_renyi,0.75,10,50,51,24.19358024691358
90,0.1,erdos_renyi,0.5,6,1000,4,1.8312342569269522
10,0.99,barabasi_albert,0.25,3,100,501,179.33333333333334
75,0.75,barabasi_albert,0.75,6,500,51,19.119266055045873
75,0.9,erdos_renyi,0.99,3,1000,4,1.86793953858393
10,0.5,barabasi_albert,0.99,7,1000,501,112.875
100,0.1,erdos_renyi,0.99,8,50,51,21.91958762886598
10,0.9,erdos_renyi,0.75,7,1000,11,3.8333333333333335
25,0.1,complete,0.75,7,200,51,16.0
75,0.1,complete,0.25,2,100,101,50.31046931407942
50,0.75,barabasi_albert,0.1,4,500,101,41.513888888888886
100,0.9,erdos_renyi,0.75,6,50,51,24.419476486246673
50,0.99,complete,0.75,5,100,501,236.71782178217822
100,0.1,complete,0.99,8,50,501,223.04040404040404
75,0.9,barabasi_albert,0.99,2,200,501,193.31297709923663
90,0.1,erdos_renyi,0.1,5,50,4,1.8992443324937027
10,0.9,barabasi_albert,0.1,8,1000,501,129.57142857142858
75,0.5,barabasi_albert,0.99,3,200,4,1.5890410958904109
75,0.75,complete,0.1,5,100,51,24.871696299855838
75,0.99,complete,0.75,4,200,501,238.3756825627958
90,0.5,erdos_renyi,0.99,7,500,11,5.105315449577745
90,0.99,barabasi_albert,0.9,9,500,501,189.79310344827587
50,0.75,complete,0.75,3,1000,501,230.5751633986928
10,0.1,complete,0.25,4,100,501,56.5
75,0.99,complete,0.99,2,1000,501,235.6359665089188
75,0.99,erdos_renyi,0.75,5,1000,501,234.71308786000728
50,0.1,barabasi_albert,0.75,10,500,51,13.444444444444445
10,0.75,erdos_renyi,0.5,6,100,501,198.91176470588235
90,0.75,erdos_renyi,0.99,3,50,501,234.0063164893617
75,0.75,barabasi_albert,0.99,4,50,11,3.761467889908257
100,0.75,complete,0.25,5,200,501,244.4765625
100,0.5,erdos_renyi,0.75,2,1000,101,47.51305057096248
100,0.25,barabasi_albert,0.25,5,1000,501,192.73469387755102
10,0.25,barabasi_albert,0.25,8,50,101,18.25
10,0.75,erdos_renyi,0.25,3,50,51,21.6
25,0.5,barabasi_albert,0.5,10,50,51,16.91304347826087
90,0.99,barabasi_albert,0.9,8,1000,101,40.52873563218391
50,0.9,erdos_renyi,0.25,7,500,501,238.14003590664274
25,0.99,complete,0.75,4,500,501,209.24579124579125
10,0.25,complete,0.99,10,200,101,20.363636363636363
50,0.25,erdos_renyi,0.75,2,500,11,4.8625
75,0.1,barabasi_albert,0.9,7,500,501,109.92857142857143
90,0.9,barabasi_albert,0.9,5,200,101,37.765822784810126
100,0.9,complete,0.5,4,100,51,24.827609427609428
100,0.25,complete,0.99,8,500,101,46.52546483427648
10,0.99,complete,0.99,2,100,501,193.86363636363637
25,0.5,erdos_renyi,0.9,9,200,4,1.7096774193548387
90,0.75,erdos_renyi,0.99,2,1000,51,23.84976836532098
90,0.1,barabasi_albert,0.99,6,200,101,26.58823529411765
75,0.99,complete,0.75,4,200,501,236.0389515835457
75,0.25,complete,0.25,2,500,501,246.54978354978354
90,0.99,erdos_renyi,0.25,4,200,11,5.372573733299722
75,0.1,erdos_renyi,0.25,5,100,4,1.9103942652329748
90,0.5,erdos_renyi,0.99,6,50,101,46.171270718232044
90,0.75,erdos_renyi,0.5,8,200,501,240.48262164846076
10,0.99,erdos_renyi,0.99,4,100,11,3.6666666666666665
10,0.5,erdos_renyi,0.5,10,100,11,3.0
10,0.99,erdos_renyi,0.75,7,500,4,1.5333333333333334
25,0.99,erdos_renyi,0.1,4,200,51,23.51839464882943
75,0.99,complete,0.1,7,200,4,1.947215143793229
100,0.9,erdos_renyi,0.9,3,50,101,47.29199727952845
10,0.25,barabasi_albert,0.1,5,200,501,68.75
90,0.1,barabasi_albert,0.25,7,50,501,180.64705882352942
10,0.75,complete,0.9,8,200,101,32.75757575757576
50,0.75,erdos_renyi,0.1,7,1000,51,23.892425905598245
50,0.75,erdos_renyi,0.9,9,50,11,5.148305084745763
100,0.99,complete,0.75,7,100,101,49.04714285714286
25,0.75,complete,0.1,3,50,11,5.2
75,0.75,barabasi_albert,0.75,5,200,4,1.6422018348623852
10,0.75,barabasi_albert,0.25,8,200,11,3.5833333333333335
10,0.75,erdos_renyi,0.9,4,1000,11,3.4838709677419355
50,0.75,barabasi_albert,0.9,4,50,4,1.5277777777777777
50,0.1,erdos_renyi,0.9,9,1000,11,4.3515625
10,0.1,complete,0.1,7,500,51,4.25
90,0.99,barabasi_albert,0.25,4,100,101,45.61494252873563
75,0.75,barabasi_albert,0.1,4,50,51,22.743119266055047
75,0.9,barabasi_albert,0.5,10,100,4,1.7786259541984732
75,0.1,complete,0.5,3,50,51,22.050541516245488
100,0.1,erdos_renyi,0.9,3,500,4,1.7445972495088409
10,0.9,erdos_renyi,0.1,8,200,501,192.46341463414635
50,0.99,complete,0.1,9,200,101,48.57343234323432
90,0.5,erdos_renyi,0.5,7,500,101,48.280058651026394
100,0.25,erdos_renyi,0.25,5,100,4,1.94
25,0.99,complete,0.25,10,200,11,4.956228956228956
50,0.9,erdos_renyi,0.1,5,100,501,236.04324324324324
100,0.5,erdos_renyi,0.75,2,500,101,47.177626303127504
25,0.25,barabasi_albert,0.5,5,500,51,13.272727272727273
25,0.9,complete,0.99,2,50,101,45.96296296296296
75,0.1,complete,0.1,9,100,4,1.8953068592057762
25,0.75,barabasi_albert,0.25,6,50,101,42.470588235294116
50,0.9,complete,0.25,10,200,501,238.2431941923775
75,0.1,barabasi_albert,0.1,5,500,501,155.92857142857142
90,0.5,complete,0.5,2,50,501,242.64485514485514
25,0.1,erdos_renyi,0.1,9,200,101,35.592592592592595
25,0.25,erdos_renyi,0.9,6,1000,101,36.19736842105263
90,0.99,complete,0.75,9,50,11,5.362512613521695
90,0.5,complete,0.5,3,50,101,48.17132867132867
50,0.25,barabasi_albert,0.25,7,50,101,33.958333333333336
10,0.5,erdos_renyi,0.5,7,1000,11,3.3703703703703702
90,0.5,complete,0.1,2,1000,101,51.235764235764236
100,0.99,barabasi_albert,0.99,2,200,11,4.314432989690721
25,0.9,barabasi_albert,0.5,3,500,501,185.26829268292684
100,0.1,barabasi_albert,0.5,3,500,4,1.368421052631579
50,0.1,complete,0.75,3,50,11,4.221311475409836
50,0.99,barabasi_albert,0.5,7,100,11,4.494736842105263
10,0.5,complete,0.9,7,500,51,13.181818181818182
90,0.1,barabasi_albert,0.99,2,200,501,126.88235294117646
10,0.1,barabasi_albert,0.25,5,1000,101,8.0
25,0.25,erdos_renyi,0.9,8,50,51,18.13888888888889
75,0.25,complete,0.1,8,1000,501,233.45887445887445
75,0.5,barabasi_albert,0.9,4,500,101,29.36986301369863
75,0.25,complete,0.75,2,50,51,23.034632034632036
25,0.75,erdos_renyi,0.1,3,100,4,1.9537037037037037
25,0.1,erdos_renyi,0.25,10,100,101,40.294117647058826
10,0.9,barabasi_albert,0.75,8,100,11,3.2142857142857144
50,0.5,erdos_renyi,0.25,6,200,501,234.20873786407768
90,0.99,erdos_renyi,0.1,10,200,4,1.9717670783967733
10,0.25,barabasi_albert,0.1,9,100,11,2.25
100,0.9,erdos_renyi,0.1,3,100,51,25.19685039370079
10,0.5,erdos_renyi,0.25,7,1000,4,1.3888888888888888
10,0.99,complete,0.75,5,500,4,1.4772727272727273
90,0.9,barabasi_albert,0.1,8,500,51,22.0
90,0.5,complete,0.75,3,100,101,47.256743256743256
100,0.25,complete,0.9,9,1000,4,1.8698464025869037
25,0.25,erdos_renyi,0.1,2,500,4,1.8533333333333333
10,0.5,complete,0.9,4,200,101,27.0
50,0.1,barabasi_albert,0.9,3,500,4,1.1111111111111112
50,0.25,complete,0.25,6,500,4,1.8169934640522876
100,0.1,erdos_renyi,0.99,9,1000,501,215.013671875
90,0.99,erdos_renyi,0.25,2,50,4,2.0199142929165617
25,0.5,complete,0.9,2,100,4,1.7
100,0.75,complete,0.75,2,100,4,1.9482758620689655
75,0.75,complete,0.1,10,50,11,5.310908217203267
25,0.5,barabasi_albert,0.99,3,50,11,3.652173913043478
100,0.9,barabasi_albert,0.99,7,50,101,37.64204545454545
100,0.9,erdos_renyi,0.1,10,50,501,244.6719385449616
90,0.9,erdos_renyi,0.5,2,1000,11,5.3740266963292544
75,0.1,erdos_renyi,0.9,7,500,101,42.421052631578945
100,0.9,erdos_renyi,0.5,5,1000,101,49.026233183856505
10,0.25,erdos_renyi,0.75,9,100,101,24.0
75,0.99,erdos_renyi,0.25,3,1000,101,48.97309090909091
90,0.75,complete,0.25,5,200,11,5.36963036963037
75,0.25,barabasi_albert,0.75,7,200,51,16.194444444444443
75,0.99,erdos_renyi,0.99,9,1000,501,236.25649469447492
75,0.9,barabasi_albert,0.25,6,1000,101,43.44274809160305
10,0.9,barabasi_albert,0.25,5,100,501,141.42857142857142
10,0.25,complete,0.25,6,1000,51,12.545454545454545
25,0.5,barabasi_albert,0.1,8,1000,101,29.47826086956522
75,0.9,complete,0.1,3,50,11,5.4513416099319185
25,0.75,barabasi_albert,0.5,4,200,4,1.588235294117647
75,0.99,barabasi_albert,0.5,7,200,101,43.236111111111114
25,0.99,erdos_renyi,0.25,8,1000,4,1.8203389830508474
50,0.99,complete,0.75,5,500,4,1.882013201320132
10,0.5,complete,0.1,10,500,501,130.95454545454547
100,0.1,erdos_renyi,0.99,8,50,11,4.735887096774194
75,0.75,barabasi_albert,0.75,4,100,11,4.064220183486238
50,0.25,complete,0.25,8,200,51,23.359477124183005
75,0.1,barabasi_albert,0.75,10,50,501,136.28571428571428
90,0.99,barabasi_albert,0.9,2,500,4,1.6551724137931034
10,0.75,barabasi_albert,0.25,3,500,11,3.25
50,0.1,complete,0.25,5,100,51,21.762295081967213
90,0.1,barabasi_albert,0.99,6,100,51,11.235294117647058
100,0.99,erdos_renyi,0.99,4,200,4,1.901652723933891
10,0.5,complete,0.1,8,100,501,186.8181818181818
25,0.25,erdos_renyi,0.5,3,200,4,1.6666666666666667
100,0.99,complete,0.99,10,50,101,48.92040816326531
50,0.25,erdos_renyi,0.25,5,500,4,1.8566775244299674
50,0.25,barabasi_albert,0.75,6,200,501,121.375
10,0.5,complete,0.99,3,200,501,142.5909090909091
25,0.75,barabasi_albert,0.5,6,1000,11,3.6176470588235294
25,0.25,complete,0.25,10,1000,4,1.7066666666666668
90,0.25,complete,0.1,2,500,501,254.64835164835165
10,0.9,complete,0.75,2,500,51,20.85
75,0.1,erdos_renyi,0.75,8,100,4,1.7905405405405406
75,0.9,barabasi_albert,0.25,5,50,501,223.78625954198472
25,0.1,erdos_renyi,0.75,3,100,101,33.85294117647059
10,0.9,complete,0.1,6,500,101,35.95
100,0.5,complete,0.1,2,100,101,51.576565656565656
75,0.99,complete,0.5,3,500,101,48.37459046232254
25,0.99,complete,0.5,4,200,101,44.98989898989899
90,0.25,erdos_renyi,0.99,6,100,11,4.87776708373436
25,0.1,barabasi_albert,0.9,5,50,4,1.0
10,0.25,complete,0.99,4,50,4,1.3636363636363635
75,0.25,barabasi_albert,0.25,5,1000,51,15.972222222222221
75,0.9,barabasi_albert,0.99,10,50,101,39.30534351145038
50,0.99,barabasi_albert,0.1,3,200,501,219.37894736842105
50,0.1,erdos_renyi,0.25,6,50,4,1.8421052631578947
10,0.75,erdos_renyi,0.25,7,500,101,33.21621621621622
75,0.5,barabasi_albert,0.99,9,50,101,37.43835616438356
90,0.9,complete,0.75,10,500,4,1.934517203107658
50,0.5,barabasi_albert,0.99,3,1000,4,1.3125
75,0.5,erdos_renyi,0.1,5,500,11,5.277166437414031
90,0.25,complete,0.1,6,100,101,48.62137862137862
50,0.1,erdos_renyi,0.9,4,500,51,18.15126050420168
90,0.25,erdos_renyi,0.75,2,100,51,23.914146341463415
90,0.9,complete,0.9,5,50,4,1.9156492785793562
100,0.25,barabasi_albert,0.9,7,500,4,1.3877551020408163
75,0.1,complete,0.1,10,500,51,22.866425992779785
50,0.9,complete,0.25,9,100,11,5.326678765880218
50,0.5,erdos_renyi,0.1,3,50,11,5.255932203389831
10,0.9,barabasi_albert,0.25,5,1000,101,24.785714285714285
10,0.5,complete,0.1,9,200,51,17.09090909090909
90,0.9,barabasi_albert,0.5,2,100,501,229.6772151898734
10,0.75,barabasi_albert,0.75,5,50,501,107.33333333333333
10,0.1,complete,0.99,2,200,4,1.0
25,0.75,erdos_renyi,0.1,6,200,11,4.995744680851064
90,0.99,erdos_renyi,0.1,6,500,501,243.68795758646806
50,0.5,erdos_renyi,0.5,7,500,11,5.047297297297297
75,0.25,barabasi_albert,0.9,3,500,51,14.583333333333334
50,0.1,barabasi_albert,0.5,6,100,11,3.2222222222222223
50,0.5,complete,0.25,9,50,51,24.568627450980394
50,0.9,erdos_renyi,0.5,4,1000,4,1.9095106186518929
75,0.5,erdos_renyi,0.1,3,50,101,49.29819494584837
100,0.75,complete,0.9,5,500,11,5.164870689655173
10,0.1,complete,0.9,9,100,501,49.0
100,0.99,erdos_renyi,0.25,3,50,101,50.06514657980456
25,0.1,complete,0.9,9,50,101,33.43333333333333
50,0.75,complete,0.99,7,200,11,4.892156862745098
100,0.99,complete,0.25,2,50,4,2.006938775510204
100,0.99,complete,0.1,10,200,51,24.790816326530614
100,0.99,barabasi_albert,0.99,4,100,501,174.52061855670104
100,0.25,barabasi_albert,0.25,2,50,11,5.122448979591836
90,0.25,barabasi_albert,0.25,5,1000,4,1.6363636363636365
100,0.75,barabasi_albert,0.5,10,1000,51,21.217687074829932
50,0.25,complete,0.25,6,1000,101,44.709150326797385
50,0.5,barabasi_albert,0.75,3,50,501,162.25
100,0.25,barabasi_albert,0.75,6,200,4,1.469387755102041
10,0.99,complete,0.1,6,100,501,199.61363636363637
90,0.5,erdos_renyi,0.1,7,1000,11,5.308142369575816
75,0.75,erdos_renyi,0.5,2,100,4,1.9606635071090048
75,0.25,erdos_renyi,0.9,9,200,51,23.03463855421687
75,0.1,complete,0.75,7,50,501,222.8880866425993
75,0.9,complete,0.1,10,200,4,1.9555466559871846
100,0.75,erdos_renyi,0.5,3,1000,101,48.80730717185386
25,0.75,complete,0.75,6,200,501,213.45777777777778
50,0.25,complete,0.5,9,500,4,1.8169934640522876
10,0.25,erdos_renyi,0.9,7,200,51,10.941176470588236
75,0.99,barabasi_albert,0.1,4,100,101,47.291666666666664
10,0.99,complete,0.9,2,500,4,1.5
100,0.25,erdos_renyi,0.99,6,1000,101,44.849436392914654
25,0.9,barabasi_albert,0.99,10,100,501,163.9268292682927
25,0.5,complete,0.9,4,100,101,40.2
25,0.99,erdos_renyi,0.9,3,1000,51,21.385135135135137
90,0.25,erdos_renyi,0.5,4,100,11,5.1650390625
90,0.5,complete,0.1,2,100,501,256.56443556443554
10,0.25,complete,0.75,2,100,4,1.4545454545454546
100,0.99,erdos_renyi,0.9,2,50,51,24.446687054026505
10,0.99,complete,0.5,2,1000,4,1.7272727272727273
10,0.9,complete,0.9,6,100,4,1.575
50,0.9,barabasi_albert,0.1,7,500,51,21.325581395348838
75,0.25,complete,0.9,6,100,4,1.7907647907647908
100,0.75,barabasi_albert,0.1,10,100,4,1.7687074829931972
10,0.99,barabasi_albert,0.5,2,500,51,18.6
75,0.1,erdos_renyi,0.25,6,1000,501,225.63306451612902
90,0.75,barabasi_albert,0.75,8,50,501,211.53787878787878
100,0.1,erdos_renyi,0.5,10,100,4,1.8866396761133604
10,0.25,complete,0.25,8,500,51,14.909090909090908
75,0.99,complete,0.99,6,1000,51,23.553330906443392
50,0.9,barabasi_albert,0.99,3,200,101,36.13953488372093
75,0.99,erdos_renyi,0.5,4,100,101,48.93820428934933
25,0.5,complete,0.25,9,500,11,4.74
100,0.75,barabasi_albert,0.9,7,200,11,4.244897959183674
50,0.1,barabasi_albert,0.5,4,200,51,12.777777777777779
90,0.1,barabasi_albert,0.99,4,1000,4,1.0588235294117647
100,0.1,complete,0.99,10,500,501,214.26868686868687
25,0.75,erdos_renyi,0.75,10,50,101,44.76651982378855
10,0.5,erdos_renyi,0.25,4,100,501,180.72222222222223
10,0.9,barabasi_albert,0.1,7,500,51,15.928571428571429
25,0.1,erdos_renyi,0.5,8,50,51,16.75
10,0.25,erdos_renyi,0.99,5,500,101,26.533333333333335
100,0.9,erdos_renyi,0.5,4,500,101,49.27876604368385
50,0.99,barabasi_albert,0.25,6,100,51,21.94736842105263
10,0.5,complete,0.5,6,1000,101,30.954545454545453
25,0.99,barabasi_albert,0.1,2,200,4,2.0444444444444443
75,0.25,complete,0.99,8,50,101,45.073593073593074
10,0.5,erdos_renyi,0.25,6,500,11,3.56
25,0.25,complete,0.1,9,500,11,4.56
10,0.9,complete,0.1,8,100,51,19.6
25,0.9,complete,0.25,5,500,51,22.362962962962964
25,0.99,erdos_renyi,0.1,10,200,4,1.8664383561643836
25,0.1,barabasi_albert,0.25,8,1000,101,6.5
25,0.1,complete,0.99,5,200,101,27.466666666666665
25,0.25,erdos_renyi,0.9,4,50,11,4.287878787878788
10,0.1,complete,0.75,5,1000,501,57.25
10,0.99,erdos_renyi,0.25,3,100,101,43.90909090909091
90,0.25,erdos_renyi,0.5,9,200,51,23.706477732793523
25,0.9,complete,0.1,4,500,501,221.55185185185186
50,0.1,erdos_renyi,0.25,9,200,101,43.252252252252255
90,0.99,erdos_renyi,0.75,3,1000,4,1.932173474533535
25,0.25,barabasi_albert,0.99,2,1000,4,1.4545454545454546
25,0.1,complete,0.9,7,500,4,1.2
100,0.99,barabasi_albert,0.1,9,500,101,45.20618556701031
90,0.9,erdos_renyi,0.1,6,100,501,244.45810210876803
75,0.5,barabasi_albert,0.1,5,200,4,1.821917808219178
75,0.25,erdos_renyi,0.99,7,500,4,1.7638483965014577
10,0.1,erdos_renyi,0.75,5,50,4,1.0
90,0.5,complete,0.25,7,1000,51,24.405094905094906
90,0.9,erdos_renyi,0.9,6,500,51,24.27904421862126
75,0.99,complete,0.9,10,200,51,24.331998543866035
10,0.99,erdos_renyi,0.75,6,50,101,34.355555555555554
75,0.9,complete,0.1,8,50,4,1.9555466559871846
100,0.75,complete,0.1,5,1000,501,243.04498922413794
25,0.1,barabasi_albert,0.5,3,100,501,137.75
10,0.9,barabasi_albert,0.75,9,500,501,123.07142857142857
25,0.5,complete,0.99,7,50,4,1.7666666666666666
50,0.25,complete,0.25,6,500,51,23.026143790849673
50,0.5,complete,0.5,8,50,51,23.62091503267974
100,0.75,complete,0.5,5,500,51,24.32112068965517
90,0.99,complete,0.75,5,50,101,48.44803229061554
75,0.25,complete,0.5,2,1000,11,5.132756132756133
90,0.99,barabasi_albert,0.99,8,50,11,4.396551724137931
90,0.1,complete,0.75,7,100,4,1.7825
25,0.99,barabasi_albert,0.5,2,100,11,4.355555555555555
25,0.5,erdos_renyi,0.9,3,500,11,4.464968152866242
100,0.5,erdos_renyi,0.5,9,100,4,1.9471788715486193
90,0.9,barabasi_albert,0.25,7,50,501,224.77215189873417
100,0.99,erdos_renyi,0.5,7,100,51,24.87191011235955
75,0.25,barabasi_albert,0.75,9,100,4,1.3888888888888888
50,0.5,complete,0.9,8,200,101,44.60130718954248
100,0.1,erdos_renyi,0.25,8,1000,101,45.62549019607843
10,0.75,complete,0.1,6,100,4,1.606060606060606
10,0.75,barabasi_albert,0.9,4,200,101,26.916666666666668
90,0.1,barabasi_albert,0.1,5,50,51,16.58823529411765
90,0.75,complete,0.25,10,200,501,244.13752913752913
25,0.9,complete,0.9,9,1000,101,43.05185185185185
75,0.75,erdos_renyi,0.9,3,200,4,1.9096958174904943
75,0.1,complete,0.9,6,500,4,1.6714801444043321
100,0.1,erdos_renyi,0.25,2,1000,51,24.8781512605042
100,0.99,complete,0.75,2,200,101,48.769183673469385
90,0.99,erdos_renyi,0.99,5,200,501,233.29229607250755
90,0.99,complete,0.99,7,100,11,5.181130171543895
25,0.99,erdos_renyi,0.5,5,1000,4,1.8127090301003344
50,0.75,barabasi_albert,0.75,2,200,11,4.152777777777778
10,0.1,erdos_renyi,0.5,7,1000,51,2.6666666666666665
75,0.25,erdos_renyi,0.99,4,200,4,1.7579710144927536
90,0.5,barabasi_albert,0.5,5,500,51,19.772727272727273
10,0.75,erdos_renyi,0.1,7,500,101,37.22857142857143
75,0.99,barabasi_albert,0.75,7,1000,501,190.99305555555554
25,0.5,barabasi_albert,0.9,2,50,51,19.08695652173913
75,0.5,erdos_renyi,0.75,8,1000,11,5.176895306859206
90,0.1,erdos_renyi,0.9,5,50,4,1.7681159420289856
75,0.5,complete,0.9,3,200,11,4.997837058399424
50,0.5,erdos_renyi,0.9,9,500,501,227.67571884984025
25,0.5,erdos_renyi,0.99,5,50,101,39.90277777777778
10,0.5,complete,0.75,6,1000,101,23.363636363636363
25,0.1,complete,0.25,4,200,101,37.7
10,0.25,barabasi_albert,0.75,8,50,101,20.75
100,0.99,erdos_renyi,0.5,4,200,51,24.60692464358452
50,0.1,barabasi_albert,0.99,3,1000,4,1.1111111111111112
25,0.1,barabasi_albert,0.1,7,1000,4,1.0
25,0.99,complete,0.25,5,500,501,224.35353535353536
25,0.99,barabasi_albert,0.99,2,1000,51,20.08888888888889
100,0.9,complete,0.1,7,500,101,49.015039281705945
25,0.9,barabasi_albert,0.99,4,1000,101,30.975609756097562
100,0.1,complete,0.9,2,100,4,1.7717171717171718
25,0.75,complete,0.9,4,50,101,42.897777777777776
100,0.5,erdos_renyi,0.99,5,100,51,23.586152635719905
50,0.75,erdos_renyi,0.5,10,200,11,5.211221122112211
10,0.1,erdos_renyi,0.25,2,200,501,180.0
75,0.9,complete,0.5,3,200,51,24.316780136163395
100,0.99,barabasi_albert,0.5,7,1000,4,1.7628865979381443
100,0.75,erdos_renyi,0.75,2,1000,51,24.28636607622115
10,0.5,barabasi_albert,0.99,2,100,51,22.375
90,0.5,barabasi_albert,0.9,7,100,51,19.375
90,0.9,barabasi_albert,0.5,4,50,11,4.715189873417722
90,0.25,complete,0.25,2,1000,501,247.94805194805195
50,0.9,barabasi_albert,0.75,5,200,51,19.023255813953487
10,0.75,erdos_renyi,0.1,2,100,101,49.84375
50,0.5,complete,0.25,10,500,51,23.94281045751634
50,0.1,barabasi_albert,0.75,10,50,4,1.3333333333333333
100,0.25,complete,0.99,8,1000,501,223.8779304769604
100,0.5,erdos_renyi,0.5,6,200,501,240.28394568690095
25,0.25,erdos_renyi,0.75,6,50,101,41.45945945945946
50,0.99,erdos_renyi,0.9,7,50,501,233.56661184210526
50,0.99,barabasi_albert,0.75,10,100,4,1.6736842105263159
100,0.9,erdos_renyi,0.25,10,50,101,49.85740031538635
100,0.5,barabasi_albert,0.5,4,50,51,20.683673469387756
25,0.75,barabasi_albert,0.9,3,1000,4,1.411764705882353
